id,efc
1,2361.999
2,7134.016
3,15882.8
4,0
5,9550.509
6,0
7,0
8,12827.06
9,5119.263
10,0
11,929.4228
12,0
13,0
14,0
15,0
16,0
17,0
18,0
19,0
20,0
21,0
22,10900.87
23,0
24,0
25,0
26,0
27,0
28,0
29,0
30,0
31,0
32,0
33,14601.71
34,0
35,0
36,2232.873
37,3016.722
38,3016.722
39,
40,0
41,0
42,0
43,0
44,0
45,0
46,0
47,0
48,0
49,949.1175
50,0
51,0
52,0
53,0
54,0
55,166.9721
56,15156.74
57,0
58,511.3378
59,543.4644
60,4307.882
61,0
62,21571.24
63,21571.24
64,4626.255
65,0
66,0
67,0
68,0
69,5614.256
70,0
71,2177.415
72,0
73,0
74,0
75,627.9697
76,1222.093
77,1809.113
78,0
79,0
80,983.9155
81,0
82,0
83,0
84,0
85,0
86,0
87,2457.904
88,0
89,3421.539
90,832.5184
91,0
92,1904.916
93,919.1656
94,119.84
95,2375.26
96,8920.859
97,3800.738
98,0
99,0
100,2173.824
101,0
102,6619.309
103,6619.309
104,4480.313
105,4480.313
106,11833.99
107,10366.27
108,10328.26
109,4589.319
110,4570.312
111,
112,0
113,4373.655
114,18254.79
115,0
116,1132.21
117,1132.21
118,24479.12
119,37255.72
120,0
121,9339.798
122,9339.798
123,0
124,0
125,0
126,0
127,0
128,13982.25
129,0
130,0
131,4560.002
132,2407.014
133,5027.006
134,0
135,18901.55
136,0
137,0
138,0
139,38975.76
140,3343.571
141,0
142,1432.037
143,16425.91
144,5885.592
145,5885.592
146,2961.069
147,3296.039
148,0
149,0
150,0
151,0
152,0
153,0
154,39347.32
155,33352.64
156,34937.18
157,15454.76
158,1974.323
159,0
160,0
161,0
162,
163,
164,2752.535
165,4873.294
166,4964.176
167,20541.21
168,0
169,645.6744
170,645.6744
171,5487.166
172,34507.54
173,13291.15
174,13291.15
175,29271.63
176,0
177,6298.232
178,0
179,0
180,0
181,15157.08
182,15157.08
183,38033.27
184,6452.825
185,23794.79
186,0
187,4464.583
188,2173.824
189,0
190,0
191,
192,0
193,1476.344
194,2737.425
195,5511.396
196,0
197,0
198,0
199,30893.77
200,5630.069
201,19496.22
202,0
203,0
204,2921.269
205,2921.269
206,0
207,3724.053
208,3678.438
209,1119.352
210,1119.352
211,2173.014
212,0
213,0
214,1229.065
215,0
216,7712.144
217,0
218,0
219,40180.76
220,1499.298
221,16237.71
222,1609.094
223,1609.094
224,7179.236
225,0
226,0
227,0
228,4343.303
229,0
230,0
231,0
232,0
233,0
234,0
235,0
236,0
237,0
238,
239,26783.99
240,26783.99
241,6377.506
242,6377.506
243,0
244,326.3327
245,0
246,0
247,435.1047
248,435.1047
249,0
250,12169.38
251,1893.57
252,1893.57
253,0
254,0
255,0
256,
257,
258,0
259,0
260,0
261,0
262,0
263,0
264,0
265,0
266,4087.074
267,2619.799
268,6080.747
269,10267.42
270,10191.39
271,12113.78
272,4319.26
273,307.2614
274,0
275,0
276,0
277,0
278,6779.27
279,37255.72
280,37255.72
281,0
282,250.2222
283,0
284,0
285,0
286,0
287,6625.472
288,7580.595
289,0
290,8044.735
291,9512.597
292,597.9688
293,5684.829
294,0
295,9526.531
296,2737.96
297,2737.96
298,4691.381
299,0
300,0
301,2153.023
302,0
303,0
304,0
305,0
306,0
307,0
308,0
309,0
310,0
311,0
312,0
313,26011.54
314,25913.87
315,36536.6
316,0
317,0
318,0
319,9705.567
320,5724.723
321,0
322,1305.378
323,29790.39
324,0
325,0
326,0
327,0
328,1820.001
329,0
330,0
331,0
332,0
333,0
334,17747.56
335,2776.413
336,0
337,14952.96
338,74398.21
339,0
340,0
341,0
342,0
343,0
344,0
345,0
346,0
347,264.425
348,0
349,0
350,
351,0
352,0
353,0
354,0
355,0
356,0
357,0
358,0
359,0
360,0
361,
362,1145.209
363,1145.209
364,0
365,902.9852
366,1589.936
367,3874.554
368,0
369,0
370,8510.448
371,8510.448
372,0
373,0
374,4598.428
375,0
376,4417.256
377,0
378,16093.1
379,21914.78
380,0
381,0
382,7935.678
383,0
384,1836.805
385,2083.171
386,0
387,0
388,448.1913
389,9792.547
390,0
391,0
392,26990.42
393,1976.676
394,0
395,8044.735
396,
397,13155.34
398,4726.596
399,1011.797
400,1011.797
401,23764.33
402,0
403,0
404,1704.931
405,1704.931
406,1704.931
407,0
408,
409,0
410,0
411,0
412,0
413,4230.29
414,0
415,22369.85
416,20636.63
417,84278.98
418,18671.02
419,0
420,30030.56
421,4223.074
422,15217.78
423,13668.04
424,7680.573
425,12812.9
426,0
427,832.1171
428,0
429,0
430,3194.934
431,0
432,611.846
433,611.846
434,45045.66
435,0
436,0
437,0
438,0
439,0
440,0
441,0
442,12112.3
443,0
444,0
445,0
446,0
447,0
448,0
449,0
450,0
451,0
452,0
453,0
454,0
455,
456,0
457,0
458,18.19675
459,0
460,0
461,0
462,0
463,0
464,0
465,0
466,0
467,0
468,0
469,0
470,0
471,1.215312
472,1.215312
473,0
474,0
475,0
476,0
477,2731.512
478,
479,0
480,0
481,0
482,0
483,5413.564
484,5413.564
485,0
486,8833.457
487,8833.457
488,2053.594
489,2173.824
490,2742.431
491,2742.431
492,0
493,0
494,0
495,0
496,0
497,4469.329
498,5579.638
499,4156.896
500,0
501,388.4155
502,0
503,6014.074
504,1793.926
505,21324.52
506,10801.63
507,0
508,0
509,0
510,0
511,0
512,894.7364
513,894.7364
514,0
515,0
516,0
517,0
518,0
519,0
520,0
521,4492.873
522,0
523,1226.292
524,5213.27
525,0
526,0
527,37255.72
528,43518.03
529,0
530,15287.69
531,0
532,0
533,
534,0
535,0
536,0
537,1572.558
538,1572.558
539,1555.298
540,1555.298
541,0
542,16534.15
543,5328.127
544,
545,0
546,5356.201
547,0
548,14373.75
549,25480.42
550,0
551,60943.4
552,9294.477
553,9272.44
554,1001.526
555,0
556,2244.316
557,2551.144
558,26426.25
559,13909.22
560,2418.814
561,2418.814
562,803.0822
563,2777.126
564,5792.9
565,0
566,0
567,7690.834
568,7690.834
569,8119.035
570,8119.035
571,10101.94
572,10101.94
573,303.7473
574,303.7473
575,0
576,10781.3
577,10781.3
578,6062.583
579,2434.769
580,2357.126
581,0
582,0
583,899.0811
584,846.9395
585,846.9395
586,2112.992
587,2112.992
588,0
589,0
590,6189.558
591,0
592,0
593,3011.693
594,970.3909
595,970.3909
596,0
597,2342.03
598,5638.328
599,0
600,0
601,0
602,0
603,0
604,47.97512
605,4246.564
606,0
607,0
608,1646.899
609,26207.29
610,5965.777
611,5959.219
612,0
613,2390.304
614,2776.413
615,0
616,0
617,0
618,5915.36
619,2764.082
620,0
621,0
622,0
623,0
624,0
625,0
626,0
627,0
628,14404.75
629,0
630,0
631,0
632,0
633,5507.229
634,9008.146
635,9661.95
636,13664.78
637,0
638,0
639,40668.5
640,5409.779
641,6131.877
642,8920.859
643,8920.859
644,934.0025
645,934.0025
646,1423.985
647,3911.961
648,6304.89
649,6304.89
650,6304.89
651,0
652,0
653,2758.617
654,6423.856
655,3521.208
656,2428.606
657,0
658,0
659,7174.418
660,7174.418
661,0
662,2863.408
663,538.3419
664,0
665,3194.934
666,524.8652
667,524.8652
668,524.8652
669,7419.587
670,
671,0
672,4008.543
673,4008.543
674,0
675,0
676,4000.974
677,0
678,0
679,381.0406
680,0
681,8255.393
682,9802.063
683,0
684,1934.158
685,0
686,0
687,568.5391
688,0
689,0
690,0
691,1575.829
692,0
693,0
694,676.98
695,0
696,0
697,0
698,1072.446
699,0
700,1405.412
701,1405.412
702,0
703,0
704,2225.934
705,5559.129
706,5559.129
707,0
708,20272.35
709,0
710,2089.615
711,1034.077
712,5823.561
713,5815.298
714,8554.216
715,7023.022
716,0
717,8833.457
718,31441.44
719,5861.866
720,12991.35
721,7092.067
722,7092.067
723,11006.11
724,7160.964
725,10283.47
726,16695.33
727,0
728,5354.688
729,10252.28
730,0
731,
732,13155.34
733,10954.68
734,10878.65
735,14012.75
736,13911.39
737,25913.87
738,5464.843
739,5464.843
740,12675.77
741,4521.837
742,25234.02
743,
744,
745,38495
746,39165.83
747,39279.87
748,0
749,2069.216
750,0
751,0
752,0
753,3275.458
754,20300.4
755,974.1281
756,974.1281
757,14298.81
758,8844.766
759,18526.68
760,529.9522
761,17268.17
762,71999.64
763,9536.906
764,0
765,4356.927
766,13606.27
767,883.2512
768,0
769,5992.944
770,8265.854
772,13032.32
773,0
774,652.6464
775,0
776,0
777,0
778,5694.105
779,0
780,0
781,6619.309
782,6619.309
783,6619.309
784,9940.751
785,9226.433
786,0
787,0
788,13460.52
789,12334.3
790,12334.3
791,13144.7
792,5054.103
793,5054.103
794,8676.012
795,22843.24
796,5023.555
797,10613.51
798,8471.168
799,9121.325
800,13382.67
801,13382.67
802,3998.789
803,257.8181
804,0
805,9090.15
806,9090.15
807,3351.151
808,3351.151
809,1030.725
810,1030.725
811,17224.6
812,0
813,
814,0
815,3509.508
816,0
817,0
818,9529.553
819,0
820,0
821,5491.542
822,0
823,0
824,0
825,0
826,6443.106
827,2659.679
828,5930.379
829,891.7516
830,7905.413
831,4762.14
832,7755.241
833,8229.776
834,776.5329
835,0
836,10537.98
837,4326.275
838,4326.275
839,6772.877
840,6772.877
841,39127.82
842,9421.035
843,0
844,1245.387
845,4666.103
846,14215.44
847,4254.55
848,4254.55
849,0
850,627.6369
851,10255.45
852,0
853,10255.45
854,0
855,34011.1
856,8792.233
857,18586.6
858,18586.6
859,0
860,0
861,0
862,856.6375
863,856.6375
864,1316.907
865,25359.92
866,1222.093
867,2488.073
868,0
869,0
870,0
871,303.0694
872,0
873,0
874,0
875,400.6375
876,1582.68
877,0
878,0
879,0
880,0
881,0
882,983.9155
883,6293.268
884,4857.602
885,4857.602
886,652.4273
887,652.4273
888,
889,0
890,0
891,0
892,0
893,1209.309
894,3441.416
895,0
896,3499.824
897,9926.723
898,10986.99
899,25913.87
900,25913.87
901,5464.843
902,0
903,17658.99
904,0
905,0
906,0
907,0
908,0
909,0
910,
911,0
912,10053.25
913,39279.87
914,5527.808
915,13369.47
916,13255.43
917,0
918,39089.8
919,39013.78
920,0
921,0
922,27446.74
923,4293.658
924,4293.658
925,0
926,0
927,9705.567
928,9705.567
929,15920.14
930,17569.05
931,0
932,27616.63
933,79213.24
934,0
935,12522.53
936,0
937,0
938,0
939,0
940,405.5379
941,0
942,15650.75
943,15600.06
944,12719.56
945,57521.84
946,3332.207
947,21128.63
948,21079.05
949,12444.44
950,12444.44
951,38423.99
952,38309.95
953,33044.69
954,8691.756
955,14009.21
956,5018.925
957,19330.94
958,5849.541
959,5849.541
960,75439.63
961,74539.16
962,4292.411
963,4246.774
964,6377.511
965,10312.47
966,15148.88
967,21216.45
968,9237.067
969,9161.042
970,10969.89
971,37428.34
972,2128.963
973,26678.64
974,12372.96
975,4398.957
976,4373.615
977,25852.19
978,19533.04
979,19457.02
980,0
981,26407
982,0
983,0
984,5630.893
985,0
986,160.3513
987,160.3513
988,15605.43
989,9888.781
990,0
991,0
992,11432.16
993,0
994,5462.09
995,10897.84
996,11787.95
997,13902.28
998,613.9113
999,0
1000,0
1001,0
1002,0
1003,0
1004,0
1005,3693.594
1006,3693.594
1007,0
1008,2570.087
1009,2570.087
1010,0
1011,4644.792
1012,4644.792
1013,6299.764
1014,9151.988
1015,9151.988
1016,8021.598
1017,8021.598
1018,14266.6
1019,7113.834
1020,25090.57
1021,7258.285
1022,1486
1023,511.3378
1024,7542.827
1025,5080.713
1026,0
1027,776.392
1028,0
1029,6027.571
1030,0
1031,162.0119
1032,0
1033,0
1034,0
1035,0
1036,0
1037,0
1038,0
1039,0
1040,497.2572
1041,0
1042,0
1043,0
1044,0
1045,0
1046,0
1047,0
1048,0
1049,1527.434
1050,0
1051,0
1052,0
1053,0
1054,0
1055,109.3873
1056,0
1057,0
1058,1212.198
1059,0
1060,0
1061,0
1062,2661.363
1063,0
1064,0
1065,17552.46
1066,486.3938
1067,57.62675
1068,57.62675
1069,10205.8
1070,2146.54
1071,5648.707
1072,2177.869
1073,13125.91
1074,13125.91
1075,14660.21
1076,8361.667
1077,8361.667
1078,7251.347
1079,11954.45
1080,11954.45
1081,15299.77
1082,0
1083,13155.34
1084,13155.34
1085,7570.017
1086,7273.51
1087,3800.085
1088,0
1089,1491.54
1090,1491.54
1091,0
1092,0
1093,0
1094,5168.191
1095,5168.191
1096,0
1097,4761.721
1098,4761.721
1099,0
1100,0
1101,0
1102,0
1103,0
1104,4608.17
1105,4608.17
1106,484.6341
1107,484.6341
1108,0
1109,3183.387
1110,8044.735
1111,8044.735
1112,9095.537
1113,6376.433
1114,9562.977
1115,10486.94
1116,20805.79
1117,20805.79
1118,5280.882
1119,5145.24
1120,42126.66
1121,0
1122,6212.2
1123,6212.2
1124,0
1125,29789.17
1126,0
1127,141.5611
1128,0
1129,0
1130,0
1131,7727.97
1132,2266.422
1133,10452.28
1134,10452.28
1135,10205.8
1136,19124.65
1137,0
1138,0
1139,10815.9
1140,13569.73
1141,11501.13
1142,1026.307
1143,1026.307
1144,1026.307
1145,1984.265
1146,1984.265
1147,387.783
1148,387.783
1149,387.783
1150,0
1151,1031.063
1152,2536.455
1153,2536.455
1154,6495.092
1155,26821.46
1156,7990.938
1157,6205.313
1158,10880.49
1159,0
1160,5616.902
1161,0
1162,3479.475
1163,3494.834
1164,0
1165,0
1166,0
1167,0
1168,4426.475
1169,0
1170,9663.422
1171,9663.422
1172,0
1173,0
1174,2413.041
1175,1680.059
1176,1680.059
1177,0
1178,14939.37
1179,0
1180,0
1181,2514.023
1182,0
1183,0
1184,7717.742
1185,7717.742
1186,6354.401
1187,6354.401
1188,6354.401
1189,14198.81
1190,2955.486
1191,6644.962
1192,2764.854
1193,2176.472
1194,2176.472
1195,0
1196,0
1197,0
1198,3057.77
1199,11956.32
1200,3497.364
1201,3497.364
1202,0
1203,0
1204,0
1205,27732.94
1206,0
1207,0
1208,0
1209,0
1210,0
1211,0
1212,0
1213,192.035
1214,0
1215,515.2225
1216,0
1217,4943.256
1218,6186.921
1219,0
1220,0
1221,0
1222,0
1223,6312.13
1224,0
1225,0
1226,4629.554
1227,75710.4
1228,13240.87
1229,5340.037
1230,13069.78
1231,38633.82
1232,38557.79
1233,76116.52
1234,10313.58
1235,7776.68
1236,46079.37
1237,34480.45
1238,10286.18
1239,38450.33
1240,24775.79
1241,38669.92
1242,7371.268
1243,38565.86
1244,38533.02
1245,0
1246,1004.96
1247,1004.96
1248,1004.96
1249,37491.63
1250,37415.61
1251,4357.41
1252,4357.41
1253,4846.581
1254,11157.37
1255,0
1256,0
1257,7980.56
1258,2302.032
1259,2302.032
1260,2198.136
1261,3593.264
1262,3593.264
1263,180.2269
1264,2187.757
1265,11102.87
1266,0
1267,39279.87
1268,2053.594
1269,2053.594
1270,6532.92
1271,0
1272,11327.23
1273,0
1274,0
1275,2289.216
1276,64.40125
1277,2062.262
1278,5437.315
1279,5437.315
1280,2558.879
1281,4691.381
1282,10674.9
1283,10641.84
1284,16664.27
1285,62901.77
1286,26253.64
1287,0
1288,21715
1289,78522.53
1290,18354.59
1291,43480.88
1292,27708.05
1293,15340.71
1294,37933.42
1295,77838.3
1296,23288.65
1297,0
1298,21416.36
1299,0
1300,0
1301,2091.76
1302,9748.393
1303,9748.393
1304,5781.94
1305,5774.778
1306,8667.041
1307,8667.041
1308,4010.073
1309,7398.512
1310,615.0413
1311,79596.4
1312,5835.947
1313,5835.947
1314,10545.67
1315,5336.123
1316,5336.123
1317,11351.54
1318,1517.711
1319,803.0822
1320,5006.775
1321,5006.775
1322,4789.621
1323,8659.919
1324,0
1325,5487.96
1326,2741.157
1327,1982.833
1328,241.8412
1329,0
1330,23886.11
1331,0
1332,28765.06
1333,0
1334,81986.66
1335,38533.02
1336,38380.97
1337,22884.14
1338,0
1339,2091.76
1340,2091.76
1341,0
1342,10249.4
1343,11782.34
1344,11782.34
1345,13858.49
1346,1380.3
1347,8592.829
1348,2570.087
1349,5390.208
1350,0
1351,0
1352,0
1353,0
1354,0
1355,
1356,0
1357,0
1358,0
1359,0
1360,14284.74
1361,14887.59
1362,11915.78
1363,0
1364,0
1365,0
1366,1846.391
1367,5084.153
1368,1970.878
1369,11766.69
1370,11610.1
1371,1471.015
1372,1471.015
1373,9194.912
1374,152.8026
1375,152.8026
1376,4472.049
1377,1666.121
1378,0
1379,0
1380,4580.417
1381,6049.658
1382,8920.859
1383,809.3041
1384,0
1385,0
1386,4999.779
1387,0
1388,0
1389,0
1390,5743.579
1391,0
1392,0
1393,0
1394,0
1395,2618.908
1396,2618.908
1397,0
1398,0
1399,0
1400,0
1401,0
1402,5540.044
1403,1954.091
1404,1954.091
1405,0
1406,20074.51
1407,11954.45
1408,0
1409,
1410,6576.833
1411,12710.06
1412,12710.06
1413,5610.85
1414,0
1415,1330.873
1416,9186.622
1417,5729.385
1418,0
1419,0
1420,0
1421,16261.06
1422,3160.661
1423,0
1424,0
1425,0
1426,0
1427,0
1428,0
1429,22565.26
1430,22565.26
1431,9172.865
1432,9172.865
1433,9172.865
1434,0
1435,6385.458
1436,6385.458
1437,573.6702
1438,7052.215
1439,18674.91
1440,12361.2
1441,4135.303
1442,4135.303
1443,4135.303
1444,27538.61
1445,4246.774
1446,4246.774
1447,12847.16
1448,
1449,37548.36
1450,48281.6
1451,0
1452,5523.229
1453,18593.29
1454,39317.88
1455,39203.84
1456,30571.59
1457,11954.45
1458,7918.119
1459,7918.119
1460,3469.406
1461,9395.687
1462,0
1463,1625.768
1464,11403.55
1465,5646.887
1466,0
1467,0
1468,299.5528
1469,635.2864
1470,1048.653
1471,1048.653
1472,0
1473,1580.531
1474,6453.946
1475,6453.946
1476,12726.25
1477,12726.25
1478,4783.466
1479,5538.763
1480,5538.763
1481,0
1482,2651.82
1483,1151.319
1484,8855.486
1485,8855.486
1486,10722.47
1487,11510.79
1488,19198.1
1489,19198.1
1490,39089.8
1491,6620.962
1492,40073.01
1493,4023.698
1494,13092.97
1495,12139.39
1496,12139.39
1497,22428.69
1498,0
1499,19007.98
1500,5153.013
1501,18654
1502,18126.82
1503,8443.378
1504,8443.378
1505,0
1506,0
1507,0
1508,0
1509,0
1510,1032.195
1511,1032.195
1512,1032.195
1513,1032.195
1514,0
1515,
1516,5832.943
1517,0
1518,
1519,
1520,
1521,
1522,
1523,
1524,0
1525,2094.186
1526,
1527,0
1528,0
1529,0
1530,22872.78
1531,22758.74
1532,
1533,29685.99
1534,334.9466
1535,334.9466
1536,3146.488
1537,0
1538,35280.29
1539,4980.432
1540,967.9475
1541,16564.88
1542,0
1543,5567.967
1544,5567.967
1545,5325.374
1546,5325.374
1547,2400.217
1548,2400.217
1549,2400.217
1550,
1551,8540.922
1552,7810.858
1553,0
1554,0
1555,805.6804
1556,7933.954
1557,7933.954
1558,0
1559,1858.364
1560,2115.746
1561,165.4279
1562,5094.449
1563,4111.618
1564,0
1565,3032.994
1566,0
1568,5864.67
1569,158.0788
1570,0
1571,0
1572,0
1573,0
1574,3082.629
1575,0
1576,7103.236
1577,7103.236
1578,0
1579,0
1580,4194.225
1581,0
1582,0
1583,0
1584,1625.869
1585,0
1586,0
1587,603.4519
1588,603.4519
1589,0
1590,529.1741
1591,0
1592,9618.749
1593,0
1594,2797.146
1595,2797.146
1596,217.2131
1597,0
1598,0
1599,0
1600,0
1601,0
1602,0
1603,0
1604,9312.521
1605,0
1606,0
1607,0
1608,0
1609,0
1610,0
1611,0
1612,0
1613,0
1614,79930.29
1615,0
1616,6619.309
1617,22599.98
1618,5370.732
1619,0
1620,0
1621,0
1622,16555.39
1623,18369.79
1624,37255.72
1625,597.678
1626,597.678
1627,0
1628,0
1629,16180.38
1630,2929.079
1631,5648.707
1632,6860.733
1633,16533.25
1634,16381.2
1635,25568.21
1636,45411.41
1637,0
1638,28537.67
1639,8076.21
1640,9052.449
1641,9052.449
1642,38304.94
1643,1790.12
1644,1327.82
1645,32532.73
1646,10611.14
1647,6217.826
1648,2588.932
1649,6936.48
1650,0
1651,4246.774
1652,23281.78
1653,5378.886
1654,19680.53
1655,2147.497
1656,3494.213
1657,0
1658,0
1659,10330.92
1660,77610.23
1661,30873.98
1662,0
1663,10379.68
1664,0
1665,0
1666,0
1667,0
1668,0
1669,16096.26
1670,12790.6
1671,12777.93
1672,12752.59
1673,13933.19
1674,0
1675,19516.4
1676,8660.312
1677,8660.312
1678,0
1679,0
1680,37255.72
1681,1525.606
1682,45818.38
1683,1362.129
1684,0
1685,42876.79
1686,0
1687,13672.55
1688,13672.55
1689,486.3938
1690,10131.02
1691,10131.02
1692,7001.294
1693,41932.61
1694,11650.63
1695,11622.25
1696,6131.877
1697,8676.012
1698,16286.86
1699,16210.83
1700,0
1701,0
1702,2369.38
1703,744.9122
1704,744.9122
1705,0
1706,0
1707,0
1708,0
1709,2778.453
1710,2755.58
1711,8145.896
1712,0
1713,5487.166
1714,0
1715,0
1716,0
1717,0
1718,0
1719,0
1720,762.4639
1721,0
1722,165.4279
1723,0
1724,0
1725,0
1726,0
1727,0
1728,0
1729,0
1730,2120.368
1731,0
1732,2419.731
1733,10379.68
1734,1411.546
1735,1507.859
1736,1507.859
1737,2106.792
1738,2106.792
1739,2120.012
1740,0
1741,0
1742,0
1743,0
1744,3294.868
1745,0
1746,8044.735
1747,0
1748,1929.203
1749,0
1750,0
1751,1647.606
1752,43034.87
1753,12435.2
1754,11021.19
1755,9897.637
1756,8044.735
1757,8044.735
1758,25196.25
1759,0
1760,0
1761,0
1762,0
1763,0
1764,0
1765,485.3469
1766,506.6088
1767,0
1768,4834.602
1769,4834.602
1770,0
1771,6126.447
1772,3238.546
1773,3238.546
1774,7786.307
1775,3098.473
1776,16124.5
1777,1666.121
1778,1215.701
1779,1215.701
1780,1863.064
1781,10573.57
1782,31596.51
1783,6423.856
1784,5325.374
1785,0
1786,1197.747
1787,1197.747
1788,0
1789,0
1790,15023.88
1791,15023.88
1792,0
1793,0
1794,0
1795,1703.877
1796,0
1797,0
1798,3104.998
1799,3104.998
1800,4815.815
1801,570.0787
1802,4135.303
1803,0
1804,2143.716
1805,4724.498
1806,6532.92
1807,1106.028
1808,0
1809,1273.749
1810,1273.749
1811,1273.749
1812,8920.859
1813,1442.561
1814,1442.561
1815,7095.155
1816,7095.155
1817,1975.479
1818,0
1819,1804.693
1820,2977.968
1821,6150.948
1822,6150.948
1823,15449.96
1824,8738.979
1825,25403.64
1826,5682.775
1827,10087.34
1828,10087.34
1829,0
1830,6751.735
1831,80877.23
1832,3013.941
1833,0
1834,25569.07
1835,0
1836,
1837,30918.39
1838,
1839,880.0744
1840,880.0744
1841,880.0744
1842,0
1843,0
1844,0
1845,0
1846,0
1847,1111.038
1848,2104.184
1849,4602.815
1850,1494.837
1851,7085.824
1852,1432.079
1853,4580.417
1854,0
1855,5306.486
1856,12555.72
1857,12555.72
1858,15709.72
1859,18873.22
1860,7529.596
1861,7529.596
1862,13481.18
1863,12733.03
1864,34724.46
1865,1035.556
1866,2922.442
1867,1103.655
1868,0
1869,1175.394
1870,0
1871,0
1872,0
1873,3551.754
1874,3551.754
1875,0
1876,0
1877,1820.001
1878,1820.001
1879,4018.848
1880,2179.236
1881,15793.53
1882,6003.241
1883,6003.241
1884,11877.72
1885,0
1886,1281.462
1887,37260.82
1888,2131.444
1889,0
1890,0
1891,0
1892,19121.87
1893,6131.877
1894,3057.995
1895,3057.995
1896,17033.76
1897,10313.58
1898,10313.58
1899,746.8083
1900,746.8083
1901,0
1902,0
1903,
1904,
1905,13157.39
1906,3365.684
1907,4783.466
1908,0
1909,0
1910,2737.96
1911,2737.96
1912,5491.475
1913,0
1914,13096.68
1915,0
1916,7955.61
1917,0
1918,2621.117
1919,2621.117
1920,32416.9
1921,0
1922,0
1923,0
1924,3055.423
1925,
1926,0
1927,0
1928,0
1929,0
1930,0
1931,8588.332
1932,17720.09
1933,1067.242
1934,0
1935,0
1936,0
1937,640.231
1938,640.231
1939,1404.717
1940,0
1941,356.9021
1942,356.9021
1943,1558.17
1944,1558.17
1945,0
1946,0
1947,8070
1948,0
1949,2403.481
1950,3183.387
1951,0
1952,0
1953,369.9315
1954,0
1955,1093.897
1956,1093.897
1957,1698.882
1958,0
1959,0
1960,0
1961,0
1962,10047.33
1963,12623.53
1964,9579.953
1965,4479.502
1966,14970.92
1967,3800.085
1968,3800.085
1969,3800.085
1970,9714.267
1971,4339.027
1972,4339.027
1973,15499.01
1974,0
1975,1239.629
1976,1239.629
1977,0
1978,0
1979,0
1980,805.8691
1981,805.8691
1982,605.9241
1983,0
1984,0
1985,14448.86
1986,17953.82
1987,23044.82
1988,538.6443
1989,0
1990,1861.666
1991,0
1992,5897.793
1993,5897.793
1994,2647.144
1995,21647.21
1996,21533.17
1997,0
1998,0
1999,381.0406
2000,0
2001,2618.353
2002,0
2003,704.426
2004,0
2005,0
2006,1813.969
2007,196.7847
2008,196.7847
2009,2594.206
2010,2594.206
2011,0
2012,0
2013,2147.497
2014,0
2015,0
2016,0
2017,577.2438
2018,0
2019,0
2020,0
2021,0
2022,10254.44
2023,1192.409
2024,0
2025,4417.256
2026,771.6943
2027,5574.89
2028,5574.89
2029,0
2030,12265.39
2031,1219.5
2032,0
2033,2100.145
2034,9557.605
2035,8750.036
2036,24881.51
2037,1150.728
2038,1150.728
2039,0
2040,9494.003
2041,9494.003
2042,37440.23
2043,37364.2
2044,8321.281
2045,8321.281
2046,6816.322
2047,0
2048,79885.94
2049,0
2050,9588.297
2051,12022.12
2052,4995.742
2053,4995.742
2054,9333.571
2055,9333.571
2056,0
2057,8699.809
2058,8649.125
2059,9918.83
2060,9823.799
2061,29371.96
2062,32255.38
2063,32575.99
2064,8602.342
2065,8602.342
2066,12156.95
2067,0
2068,8349.033
2069,8332.506
2070,29374.41
2071,25913.87
2072,26777.91
2073,0
2074,11764.76
2075,7430.902
2076,0
2077,0
2078,10422.82
2079,7171.733
2080,7171.733
2081,851.6625
2082,14639.08
2083,2579.052
2084,2579.052
2085,4813.302
2086,4813.302
2087,0
2088,1539.899
2089,11381.85
2090,11331.17
2091,556.3548
2092,3634.752
2093,3662.599
2094,3152.309
2095,15.70875
2096,6213.699
2097,0
2098,0
2099,0
2100,0
2101,
2102,0
2103,0
2104,0
2105,0
2106,11660.88
2107,0
2108,6925.831
2109,0
2110,0
2111,5527.808
2112,5584.12
2113,5584.12
2114,2967.751
2115,0
2116,0
2117,0
2118,0
2119,0
2120,17260.77
2121,1068.68
2122,1068.68
2123,10140.06
2124,10140.06
2125,10660.15
2126,34544.15
2127,12351.37
2128,12351.37
2129,0
2130,1052.958
2131,0
2132,0
2133,13769.66
2134,0
2135,0
2136,0
2137,4907.307
2138,10873.87
2139,31137.8
2140,3535.579
2141,5415.733
2142,3578.042
2143,3578.042
2144,967.6956
2145,13521.92
2146,39051.79
2147,10953.55
2148,27313.99
2149,24235.92
2150,4200.137
2151,658.3848
2152,5722.199
2153,0
2154,0
2155,0
2156,0
2157,0
2158,0
2159,0
2160,0
2161,0
2162,15284.29
2163,24804.6
2164,37255.72
2165,2765.335
2166,1322.924
2167,1322.924
2168,0
2169,12330.78
2170,3521.3
2171,0
2172,2360.613
2173,5100.183
2174,707.7463
2175,0
2176,11295.09
2177,5535.654
2178,0
2179,0
2180,2766.696
2181,26351
2182,4911.023
2183,3966.873
2184,2547.668
2185,15924.66
2186,4000.974
2187,11734.47
2188,0
2189,0
2190,0
2191,34591.43
2192,4905.549
2193,0
2194,5001.019
2195,5189.248
2196,13120.59
2197,42636.43
2198,326.3327
2199,326.3327
2200,76008.3
2201,0
2202,20719.74
2203,10412.94
2204,47756.44
2205,20318.02
2206,19656.61
2207,12298.83
2208,7727.97
2209,7727.97
2210,9436.871
2211,0
2212,10073.66
2213,5830.688
2214,14616.77
2215,0
2216,0
2217,4045.603
2218,23540.48
2219,2570.087
2220,2570.087
2221,18234.28
2222,3238.546
2223,3238.546
2224,3238.546
2225,3134.544
2226,17763.22
2227,1040.807
2228,1982.123
2229,5005.995
2230,5005.995
2231,10893
2232,19481.02
2233,9195.554
2234,6268.391
2235,301.4865
2236,3079.083
2237,20773.81
2238,3141.204
2239,0
2240,29.58167
2241,0
2242,1836.805
2243,1836.805
2244,0
2245,900.7913
2246,9736.283
2247,0
2248,3911.961
2249,11526.44
2250,2236.116
2251,2236.116
2252,5754.563
2253,5738.036
2254,7315.002
2255,2992.266
2256,2992.266
2257,0
2258,0
2260,4111.618
2261,1297.134
2262,1297.134
2263,624.4773
2264,377.7089
2265,0
2266,0
2267,950.7764
2268,0
2269,0
2270,7363.242
2271,16320.48
2272,1597.806
2273,0
2274,0
2275,2760.308
2276,2760.308
2277,1373.034
2278,1373.034
2279,363.675
2280,0
2281,0
2282,0
2283,0
2284,0
2285,0
2286,2424.423
2287,10766.35
2288,7427.908
2289,6660.958
2290,0
2291,1631.254
2292,1355.153
2293,3402.104
2294,0
2295,0
2296,0
2297,3194.934
2298,0
2299,0
2300,0
2301,0
2302,0
2303,0
2304,0
2305,0
2306,0
2307,0
2308,0
2309,0
2310,0
2311,0
2312,0
2313,0
2314,0
2315,0
2316,132.2172
2317,132.2172
2318,1954.091
2319,1954.091
2320,20.54979
2321,2329.456
2322,2329.456
2323,0
2324,0
2325,4085.408
2326,11670.59
2327,1082.042
2328,23008.94
2329,17960.05
2330,17846.01
2331,9531.482
2332,9531.482
2333,12082.15
2334,5163.327
2335,5163.327
2336,4741.64
2337,4935.079
2338,4935.079
2339,1465.741
2340,1465.741
2341,1465.741
2342,486.3938
2343,0
2344,26859.65
2345,14518.76
2346,21980.64
2347,13770.92
2348,42637.55
2349,3372.465
2350,1402.905
2351,0
2352,4673.125
2353,5741.676
2354,0
2355,0
2356,977.0822
2357,0
2358,0
2359,0
2360,0
2361,0
2362,261.0889
2363,386.8466
2364,0
2365,0
2366,0
2367,10371.71
2368,10371.71
2369,485.3469
2370,22880.93
2371,0
2372,3602.862
2373,946.7125
2374,869.2012
2375,0
2376,
2377,4491.557
2378,4759.415
2379,4742.888
2380,3014.631
2381,0
2382,6976.168
2383,1953.673
2384,6011.285
2385,6011.285
2386,3114.009
2387,3114.009
2388,3114.009
2389,0
2390,0
2391,0
2392,10925.23
2393,10925.23
2394,7435.961
2395,15029.81
2396,27833.11
2397,216.611
2398,216.611
2399,5805.64
2400,5805.64
2401,5805.64
2402,0
2403,4879.114
2404,4879.114
2405,17755.13
2406,0
2407,6236.96
2408,0
2409,1088.655
2410,1088.655
2411,1260.502
2412,13197.55
2413,4361.646
2414,0
2415,0
2416,45.86781
2417,11662.48
2418,0
2419,546.9462
2420,12727.2
2421,2748.632
2422,2748.632
2423,9722.965
2424,9722.965
2425,11793.4
2426,0
2427,0
2428,0
2429,0
2430,0
2431,1709.848
2432,16076.94
2433,16056.92
2434,9008.221
2435,9008.221
2436,0
2437,0
2438,3874.696
2439,12867.76
2440,5842.233
2441,5842.233
2442,1299.445
2443,1299.445
2444,5084.779
2445,0
2446,0
2447,0
2448,20479.3
2449,4935.153
2450,4935.153
2451,0
2452,0
2453,0
2454,0
2455,0
2456,0
2457,0
2458,4773.726
2459,6377.506
2460,6377.506
2461,5695.818
2462,8182.242
2463,8182.242
2464,7829.139
2465,7829.139
2466,511.3378
2467,0
2468,5481.357
2469,
2470,2706.66
2471,0
2472,11954.45
2473,3746.925
2474,3466.976
2475,8331.774
2476,8331.774
2477,861.1663
2478,
2479,
2480,15456.82
2481,0
2482,4841.417
2483,10352.17
2484,10352.17
2485,6310.74
2486,0
2487,0
2488,0
2489,9883.643
2490,1490.47
2491,1490.47
2492,4977.84
2493,0
2494,0
2495,16411.23
2496,0
2497,4961.417
2498,784.0193
2499,784.0193
2500,784.0193
2501,0
2502,169.2669
2503,6202.072
2504,3095.645
2505,2345.501
2506,0
2507,5084.779
2508,0
2509,0
2510,0
2511,12055.35
2512,831.1436
2513,2981.064
2514,1436.753
2515,1436.753
2516,1829.605
2517,1829.605
2518,4785.715
2519,4785.715
2520,6989.764
2521,0
2522,4920.091
2523,4920.091
2524,6852.755
2525,6852.755
2526,1694.609
2527,13370.04
2528,17252.39
2529,10965.79
2530,8045.051
2531,8045.051
2532,735.9958
2533,428.145
2534,0
2535,1709.848
2536,1709.848
2537,72.00188
2538,2957.363
2539,6460.836
2540,4746.818
2541,4746.818
2542,3743.239
2543,3743.239
2544,1322.924
2545,10714.44
2546,2752.535
2547,8123.806
2548,8123.806
2549,2210.319
2550,2210.319
2551,0
2552,1560.561
2553,4887.051
2554,5239.807
2555,14538.32
2556,9736.283
2557,4919.766
2558,38799.42
2559,0
2560,8794.137
2561,8794.137
2562,2793.814
2563,6623.236
2564,22337.8
2565,9790.888
2566,9790.888
2567,12966.86
2568,0
2569,0
2570,6932.579
2571,6932.579
2572,5116.553
2573,15369.07
2574,0
2575,16984.93
2576,3370.424
2577,2570.087
2578,5121.884
2579,5930.816
2580,5930.816
2581,1032.944
2582,4971.341
2583,28500.65
2584,5009.141
2585,0
2586,1142.42
2587,1213.409
2588,1213.409
2589,0
2590,0
2591,1575.053
2592,89504.52
2593,1155.537
2594,19903.66
2595,0
2596,2531.537
2597,0
2598,11582.38
2599,3073.436
2600,3073.436
2601,4925.292
2602,826.3259
2603,8833.457
2604,1124.924
2605,6992.039
2606,1.474375
2607,1539.384
2608,1539.384
2609,0
2610,0
2611,0
2612,0
2613,5372.922
2614,361.6059
2615,317.1019
2616,25569.21
2617,5680.985
2618,3800.085
2619,0
2620,2782.521
2621,14210.7
2622,1666.121
2623,1666.121
2624,3849.786
2625,1198.283
2626,1194.891
2627,0
2628,35990.09
2629,0
2630,0
2631,0
2632,0
2633,5710.1
2634,8076.368
2635,2304.911
2636,12347.95
2637,6132.77
2638,19490.95
2639,8833.457
2640,8833.457
2641,0
2642,0
2643,0
2644,0
2645,0
2648,1622.742
2649,0
2650,1625.722
2651,1072.446
2652,229.0272
2653,0
2654,1765.878
2655,0
2656,0
2657,0
2658,14179.11
2659,23180.41
2660,21773.24
2661,21761.87
2662,14661.68
2663,8597.261
2664,10056.65
2665,0
2666,0
2667,5455.315
2668,3620.79
2669,20338.79
2670,1471.015
2671,6474.813
2672,12578.53
2673,12578.53
2674,2480.583
2675,2480.583
2676,0
2677,7178.741
2678,7178.741
2679,15506.95
2680,13750.31
2681,782.8831
2682,983.9155
2683,983.9155
2684,0
2685,3265.204
2686,1492.869
2687,0
2688,5780.714
2689,2691.416
2690,2691.416
2691,0
2692,0
2693,0
2694,131.9804
2695,131.9804
2696,131.9804
2697,5890.561
2698,2098.993
2699,2536.455
2700,2536.455
2701,23728.36
2702,20260.68
2703,781.4454
2704,17235.42
2705,25588.93
2706,2800.583
2707,2800.583
2708,2800.583
2709,3676.219
2710,3676.219
2711,6014.074
2712,874.5256
2713,803.0822
2714,0
2715,0
2716,1626.673
2717,0
2718,0
2719,0
2720,0
2721,0
2722,0
2723,0
2724,2550.034
2725,0
2726,
2727,10919.67
2728,1617.652
2729,1857.01
2730,12228.02
2731,4403.729
2732,14142.16
2733,16103.93
2734,2739.312
2735,0
2736,0
2737,4413.738
2738,4413.738
2739,5562.193
2740,17483.38
2741,
2742,0
2743,0
2744,31842.96
2745,0
2746,473.7775
2747,3270.708
2748,0
2749,6828.948
2750,6828.948
2751,0
2752,0
2753,0
2754,0
2755,0
2756,0
2757,7398.658
2758,12095.91
2759,0
2760,0
2761,12935.09
2762,9015.208
2763,217.2131
2764,0
2765,5018.601
2766,78882.39
2767,1385.052
2768,5246.675
2769,14202.8
2770,6366.765
2771,21032.3
2772,16810.1
2773,
2774,
2775,4755.188
2776,4755.188
2777,6437.992
2778,6437.992
2779,2542.319
2780,2177.869
2781,29035.87
2782,11261.28
2783,16618.97
2784,7089.696
2785,7089.696
2786,0
2787,12710.06
2788,12710.06
2789,3440.87
2790,1471.015
2791,1471.015
2792,36610.63
2793,0
2794,0
2795,0
2796,0
2797,53387.51
2798,1241.951
2799,744.9122
2800,744.9122
2801,28216.04
2802,6264.757
2803,14061.73
2804,14009.21
2805,3644.329
2806,5931.81
2807,5931.81
2808,0
2809,0
2810,0
2811,205.4147
2812,4140.02
2813,2540.108
2814,0
2815,0
2816,0
2817,11501.13
2818,693.2725
2819,749.3557
2820,749.3557
2821,9736.283
2822,0
2823,0
2824,1786.672
2825,
2826,
2827,0
2828,678.0022
2829,873.6537
2830,83.53875
2831,5325.813
2832,5325.813
2833,10290.32
2834,20464.59
2835,1837.82
2836,7765.375
2837,0
2838,4079.587
2839,30496.22
2840,0
2841,0
2842,7299.091
2843,2955.873
2844,2955.873
2845,5822.643
2846,0
2847,0
2848,0
2849,319.3756
2850,1178.242
2851,3166.74
2852,0
2853,313.3719
2854,9252.6
2855,1828.78
2856,1828.78
2857,10801.63
2858,4377.109
2859,0
2860,0
2861,0
2862,5436.666
2863,0
2864,54355.07
2865,1362.465
2866,322.6459
2867,322.6459
2868,2137.218
2869,54143.61
2870,23898.99
2871,25913.87
2872,25913.87
2873,0
2874,19032.67
2875,0
2876,17131.29
2877,15609.38
2878,4724.498
2879,4724.498
2880,4724.498
2881,23694.41
2882,17307.52
2883,0
2884,0
2885,7084.927
2886,13194.96
2887,3768.333
2888,6292.465
2889,717.6585
2890,3174.41
2891,717.6585
2892,18123.32
2893,0
2894,5276.794
2895,22021.35
2896,5922.897
2897,0
2898,8754.717
2899,48130.32
2900,0
2901,0
2902,0
2903,0
2904,0
2905,10127.38
2906,0
2907,53483.02
2908,2146.54
2909,0
2910,17033.76
2911,3922.315
2912,3922.315
2913,3922.315
2914,12002.84
2915,5258.81
2916,3921.761
2917,6353.909
2918,4254.55
2919,4254.55
2920,986.0481
2921,1345.299
2922,1395.651
2923,5022.134
2924,0
2925,0
2926,15061.47
2927,31303.07
2928,1884.757
2929,1884.757
2930,1884.757
2931,0
2932,6498.455
2933,6498.455
2934,3084.604
2935,3084.604
2936,9531.482
2937,0
2938,26554.68
2939,0
2940,25913.87
2941,25913.87
2942,0
2943,0
2944,39431.92
2945,0
2946,0
2947,0
2948,5069.96
2949,11763.68
2950,446.4539
2951,446.4539
2952,4699.145
2953,0
2954,0
2955,4302.461
2956,7410.422
2957,15920.14
2958,1934.151
2959,15659.81
2960,4419.108
2961,4901.072
2962,0
2963,0
2964,1123.883
2965,368.0512
2966,0
2967,0
2968,0
2969,1961.662
2970,2308.054
2971,0
2972,1655.118
2973,1494.837
2974,1494.837
2975,19565.38
2976,4076.127
2977,0
2978,0
2979,14536.39
2980,13627.04
2981,8395.456
2982,1618.108
2983,9496.351
2984,4619.366
2985,4619.366
2986,31652.53
2987,11885.62
2988,6852.755
2989,29737.16
2990,10930.17
2991,2942.37
2992,0
2993,0
2994,14489.24
2995,14566.68
2996,0
2997,0
2998,1225.286
2999,2366.771
3000,1916.384
3001,6437.004
3002,0
3003,902.0653
3004,8877.63
3005,8855.595
3006,10575.6
3007,10542.55
3008,14123.75
3009,3800.085
3010,5954.414
3011,7926.897
3012,0
3013,24054.78
3014,8707.498
3015,8707.498
3016,0
3017,1660.269
3018,5056.714
3019,7999.558
3020,7999.558
3021,5172.69
3022,5172.69
3023,19461.77
3024,16803.92
3025,0
3026,0
3027,23991.92
3028,14827.48
3029,3804.671
3030,3804.671
3031,6372.673
3032,2921.269
3033,2921.269
3034,3025.188
3035,0
3036,0
3037,0
3038,14003.75
3039,2089.768
3040,904.31
3041,904.31
3042,0
3043,8728.338
3044,0
3045,1451.751
3046,0
3047,3873.98
3048,13856.08
3049,12935.98
3050,12913.94
3051,21753.7
3052,11728.51
3053,11718.55
3054,970.4931
3055,6434.876
3056,0
3057,0
3058,0
3059,6657.825
3060,1974.323
3061,1974.323
3062,0
3063,6949.67
3064,6230.698
3065,149.1163
3066,0
3067,5211.321
3068,5211.321
3069,3351.409
3070,0
3071,2613.967
3072,2613.967
3073,8234.427
3074,8234.427
3075,1437.604
3076,26419.61
3077,5519.494
3078,0
3079,1879.292
3080,1879.292
3081,2590.485
3082,1472.629
3083,27061.21
3084,6619.309
3085,6619.309
3086,1330.856
3087,4862.678
3088,0
3089,13030.39
3090,12308.35
3091,11009.58
3092,24717.75
3093,18208.08
3094,6556.038
3095,7063.028
3096,0
3097,0
3098,0
3099,16016.1
3100,0
3101,2674.604
3102,0
3103,0
3104,0
3105,0
3106,29596.73
3107,1150.35
3108,0
3109,0
3110,397.2594
3111,127.1212
3112,3296.039
3113,0
3114,0
3115,0
3116,0
3117,0
3118,0
3119,611.846
3120,611.846
3121,747.5477
3122,1437.604
3123,2737.96
3124,0
3125,12460.75
3126,1377.703
3127,1377.703
3128,0
3129,4872.77
3130,4872.77
3131,35021.03
3132,0
3134,25007.36
3135,3743.239
3136,3743.239
3137,3967.847
3138,2996.367
3139,1898.164
3140,0
3141,0
3142,8044.735
3143,2514.023
3144,0
3145,3800.085
3146,9376.232
3147,
3148,2655.792
3149,0
3150,1747.017
3151,1747.017
3152,0
3153,4912.949
3154,5859.091
3155,4847.23
3156,33024.51
3157,0
3158,0
3159,23008.68
3160,3721.313
3161,5859.091
3162,929.6742
3163,10860.99
3164,0
3165,229.0898
3166,1750.265
3167,0
3168,0
3169,0
3170,0
3171,1608.891
3172,5.029687
3173,1373.034
3174,1373.034
3175,0
3176,0
3177,0
3178,505.2905
3179,505.2905
3180,4548.014
3181,0
3182,0
3183,6131.877
3184,0
3185,681.184
3186,13582.67
3187,13582.67
3188,0
3189,7864.823
3190,7864.823
3191,0
3192,10232.91
3193,10131.55
3194,4246.774
3195,19392.45
3196,2884.438
3197,2884.438
3198,2884.438
3199,0
3200,0
3201,0
3202,565.1125
3203,0
3204,0
3205,999.1244
3206,343.5487
3207,0
3208,0
3209,0
3210,14179.61
3211,11596.71
3212,4985.586
3213,
3214,727.1872
3215,8427.41
3216,3261.079
3217,39127.82
3218,39013.78
3219,20083.71
3220,6702.542
3221,5531.125
3222,1548.312
3223,0
3224,0
3225,10217.6
3226,44869
3227,0
3228,19511.29
3229,0
3230,5324.983
3231,0
3232,0
3233,0
3234,0
3235,0
3236,1033.676
3237,2086.108
3238,39241.85
3239,39165.83
3240,7995.846
3241,0
3242,0
3243,14871.9
3244,142.2
3245,1705.198
3246,0
3247,6984.104
3248,5495.248
3249,2054.046
3250,1705.942
3251,1705.942
3252,1705.942
3253,9733.535
3254,78620.3
3255,1665.206
3256,1665.206
3257,13302.52
3258,1687.715
3259,11234.43
3260,18674.91
3261,7490.991
3262,7490.991
3263,5771.38
3264,11644.6
3265,9575.129
3266,9736.283
3267,1743.485
3268,0
3269,0
3270,2844.216
3271,27.97938
3272,27.97938
3273,2078.011
3274,1113.687
3275,14684.48
3276,0
3277,14297.77
3278,14297.77
3279,6772.877
3280,10703.85
3281,298.0356
3282,7598.188
3283,5333.469
3284,2232.873
3285,0
3286,0
3287,
3288,
3289,0
3290,0
3291,247.1497
3292,247.1497
3293,5107.631
3294,0
3295,1202.54
3296,3196.206
3297,4838.446
3298,0
3299,0
3300,2065.755
3301,63.42938
3302,1946.246
3303,12362.53
3304,782.8831
3305,0
3306,11644.6
3307,12496.24
3308,5003.562
3309,0
3310,3958.126
3311,3958.126
3312,10988.82
3313,10988.82
3314,13454.21
3315,815.4708
3316,815.4708
3317,815.4708
3318,0
3319,0
3320,6213.186
3321,6068.553
3322,9025.688
3323,0
3324,38778.31
3325,13327.31
3326,4077.546
3327,0
3328,10427.19
3329,12254.45
3330,0
3331,8576.942
3332,1667.791
3333,0
3334,6366.722
3335,2173.824
3336,0
3337,0
3338,0
3339,1691.839
3340,0
3341,0
3342,2046.882
3343,2046.882
3344,2046.882
3345,1728.773
3346,1728.773
3347,1432.079
3348,0
3349,0
3350,6533.553
3351,523.8222
3352,6533.553
3353,0
3354,1836.805
3355,1836.805
3356,2001.288
3357,0
3358,0
3359,0
3360,0
3361,13965.58
3362,1294.089
3363,593.064
3364,593.064
3365,962.1086
3366,1723.081
3367,14518.76
3368,9705.567
3369,4203.886
3370,4919.766
3371,4919.766
3372,8044.735
3373,8044.735
3374,16552.96
3375,16552.96
3376,5574.89
3377,6099.473
3378,5664.847
3379,5464.843
3380,5464.843
3381,10557.88
3382,0
3383,0
3384,0
3385,0
3386,6292.465
3387,0
3388,0
3389,0
3390,0
3391,0
3392,0
3393,3365.684
3394,540.9106
3395,540.9106
3396,0
3397,0
3398,17000.28
3399,0
3400,749.3557
3401,749.3557
3402,0
3403,0
3405,0
3406,0
3407,5163.327
3408,4059.696
3409,10999.76
3410,24002.53
3411,25147.65
3412,20342.63
3413,0
3414,83540.71
3415,3903.902
3416,75065.6
3417,74590.73
3418,8384.411
3419,8384.411
3420,6292.465
3421,6292.465
3422,8131.71
3423,6692.946
3424,6692.946
3425,0
3426,0
3427,0
3428,262.0763
3429,3722.367
3430,4548.014
3431,2167.1
3432,0
3433,0
3434,1373.612
3435,6532.92
3436,1871.18
3437,2490.417
3438,840.2054
3439,840.2054
3440,2641.472
3441,17799.89
3442,0
3443,0
3444,77.645
3445,874.1666
3446,
3447,
3448,20541.21
3449,1850.531
3450,8650.787
3451,0
3452,0
3453,0
3454,18088.54
3455,15301.43
3456,0
3457,17215.71
3458,17215.71
3459,9484.096
3460,0
3461,0
3462,0
3463,12693.55
3464,12693.55
3465,6644.962
3466,6644.962
3467,0
3468,3072.325
3469,0
3470,6468.848
3471,6468.848
3472,27775.81
3473,8163.482
3474,4873.034
3475,4873.034
3476,9879.487
3477,0
3478,0
3479,1034.918
3480,1034.918
3481,6014.074
3482,6014.074
3483,2890.929
3484,15239.11
3485,15239.11
3486,0
3487,35039.24
3488,451.1338
3489,0
3490,0
3491,0
3492,929.4228
3493,929.4228
3494,0
3495,0
3496,0
3497,1034.918
3498,
3499,0
3500,0
3501,0
3502,0
3503,0
3504,1229.551
3505,0
3506,0
3507,2054.266
3508,2054.266
3509,498.5703
3510,0
3511,803.0822
3512,0
3513,0
3514,0
3515,0
3516,
3517,935.8928
3518,
3520,11510.16
3521,970.4931
3522,999.5538
3523,0
3524,0
3525,2125.165
3526,2493.483
3527,5446.741
3528,825.1369
3529,0
3530,2028.725
3531,0
3532,0
3533,10066.07
3534,1705.198
3535,3745.901
3536,6532.92
3537,16587.21
3538,2518.734
3539,0
3540,0
3541,0
3542,241.8412
3543,690.0388
3544,0
3545,241.8412
3546,1360.407
3547,1360.407
3548,1555.298
3549,1555.298
3550,14128.5
3551,5243.079
3552,4383.005
3553,6316.533
3554,6316.533
3555,5519.38
3556,5519.38
3557,880.5875
3558,7251.347
3559,22890.35
3560,1804.693
3561,9289.227
3562,6055.566
3563,5782.804
3564,1929.203
3565,1929.203
3566,0
3567,6228.257
3568,0
3569,12973.21
3570,5919.133
3571,5919.133
3572,0
3573,2704.824
3574,4821.107
3575,2012.832
3576,1865.271
3577,1296.421
3578,1296.421
3579,0
3580,1104.948
3581,7490.991
3582,7490.991
3583,2922.538
3584,17658.99
3585,5648.407
3586,17770.19
3587,26255.96
3588,2678.831
3589,0
3590,0
3591,3365.684
3592,0
3593,1735.077
3594,2177.869
3595,0
3596,3800.085
3597,2057.221
3598,13668.04
3599,13668.04
3600,3267.918
3601,8859.682
3602,5648.707
3603,5648.707
3604,21806.84
3605,20846.92
3606,19559.03
3607,25841.18
3608,4.596094
3609,4.596094
3610,23865.61
3611,6226.183
3612,4996.769
3613,0
3614,0
3615,8475.208
3616,8475.208
3617,0
3618,0
3619,1260.473
3620,3194.934
3621,6344.833
3622,0
3623,0
3624,1723.081
3625,1567.781
3626,2613.967
3627,1355.406
3628,1355.406
3629,1982.123
3630,0
3631,0
3632,17602.44
3633,1548.122
3634,12322.17
3635,0
3636,5084.779
3637,22535.36
3638,0
3639,0
3640,38899.74
3641,1929.203
3642,8360.741
3643,8360.741
3644,13749.63
3645,14550.33
3646,23523.14
3647,4802.225
3648,0
3649,0
3650,0
3651,0
3652,0
3653,0
3654,0
3655,0
3656,0
3657,0
3658,0
3659,11501.13
3660,9365.948
3661,2176.472
3662,2176.472
3663,6092.435
3664,7330.464
3665,7330.464
3666,2737.425
3667,
3668,0
3669,0
3670,0
3671,0
3672,0
3673,891.7516
3674,374.6331
3675,0
3676,0
3677,1694.002
3678,0
3679,0
3680,1101.195
3681,2390.304
3682,20.28125
3683,0
3684,1475.616
3685,98.83625
3686,98.83625
3687,0
3688,0
3689,0
3690,0
3691,0
3692,1058.03
3693,1058.03
3694,0
3695,0
3696,0
3697,0
3698,0
3699,0
3700,0
3701,0
3702,0
3703,0
3704,6260.207
3705,12325.86
3706,0
3707,784.6906
3709,6240.872
3710,958.9571
3711,8913.271
3712,0
3713,790.301
3714,790.301
3715,790.301
3716,1135.043
3717,1135.043
3718,1135.043
3719,0
3720,0
3721,0
3722,519.8431
3723,0
3724,0
3725,5390.121
3726,4191.055
3727,4191.055
3728,11245.28
3729,0
3730,7056.947
3731,9752.559
3732,1995.519
3733,0
3734,8362.95
3735,4137.261
3736,3800.085
3737,2964.41
3738,1040.807
3739,4840.072
3740,4840.072
3741,8518.467
3742,2366.771
3743,0
3744,0
3745,2141.667
3746,2794.884
3747,1381.848
3748,247.1497
3749,0
3750,435.3942
3751,435.3942
3752,0
3753,0
3754,2317.474
3755,305.2422
3756,305.2422
3757,880.2663
3758,0
3759,48.66953
3760,1966.532
3761,1966.532
3762,452.7115
3763,11669.46
3764,10411.8
3765,662.7552
3766,0
3767,3578.154
3768,1530.124
3769,1530.124
3770,1530.124
3771,7106.73
3772,6779.27
3773,6779.27
3774,0
3775,0
3776,3374.337
3777,10360.38
3778,0
3779,0
3780,0
3781,0
3782,0
3783,0
3784,1921.875
3785,0
3786,7759.68
3787,4023.699
3788,0
3789,542.2288
3790,3521.208
3791,0
3792,0
3793,0
3794,0
3795,953.3183
3796,953.3183
3797,1157.03
3798,0
3799,6288.49
3800,0
3801,0
3802,
3803,971.2167
3804,12503.1
3805,1819.755
3806,0
3807,0
3808,0
3809,0
3810,0
3811,0
3812,0
3813,10384.9
3814,5059.39
3815,5059.39
3816,5059.39
3817,8293.656
3818,333.7135
3819,4019.762
3820,3969.078
3821,0
3822,5704.64
3823,198.34
3824,5084.779
3825,0
3826,1232.739
3827,1232.739
3828,2688.053
3829,13264.18
3830,1374.59
3831,1374.59
3832,393.2662
3833,4238.615
3834,1927.318
3835,146.3673
3836,1494.304
3837,0
3838,5919.133
3839,644.1371
3840,644.1371
3841,0
3842,0
3843,1961.938
3844,553.3681
3845,0
3846,0
3847,0
3848,4626.255
3849,241.8412
3850,15046.78
3851,15046.78
3852,3031.508
3853,3031.508
3854,1160.634
3855,5547.725
3856,0
3857,0
3858,
3859,3070.381
3860,0
3861,6280.862
3862,887.0344
3863,0
3864,3600.168
3865,4274.349
3866,1804.693
3867,219.2941
3868,219.2941
3869,0
3870,7084.927
3871,5638.004
3872,0
3873,2173.824
3874,4941.291
3875,856.658
3876,250.2816
3877,0
3878,29061.06
3879,0
3880,0
3881,2526.515
3882,0
3883,1609.984
3884,0
3885,135.015
3886,1379.695
3887,121.1837
3888,121.1837
3889,3525.546
3890,0
3891,0
3892,2896.634
3893,2896.634
3894,6618.533
3895,11941.03
3896,11941.03
3897,465.6175
3898,5591.658
3899,5997.399
3900,8044.735
3901,0
3902,0
3903,1363.844
3904,1014.486
3905,661.5619
3906,661.5619
3907,2673.879
3908,2824.623
3909,119.84
3910,1288.698
3911,2929.843
3912,6055.602
3913,6044.164
3914,0
3915,23048.41
3916,891.7516
3917,1609.094
3918,1609.094
3919,235.7804
3920,629.7798
3921,0
3922,0
3923,0
3924,0
3925,0
3926,0
3927,0
3928,0
3929,170.5513
3930,22058.36
3931,0
3932,0
3933,29.39609
3934,0
3935,38965.83
3936,1920.815
3937,4961.417
3938,0
3939,0
3940,0
3941,5827.005
3942,0
3943,2849.616
3944,2849.616
3945,2626.317
3946,2626.317
3947,
3948,0
3949,1414.691
3950,2715.143
3951,15975.08
3952,8597.996
3953,8597.996
3954,0
3955,0
3956,5287.767
3957,0
3958,
3959,5287.767
3960,0
3961,4023.699
3962,4023.699
3963,10778.21
3964,10702.19
3965,39089.8
3966,39127.82
3967,
3968,76922.52
3969,9485.379
3970,5030.461
3971,5030.461
3972,0
3973,1771.859
3974,1631.913
3975,20221.83
3976,0
3977,2366.771
3978,5300.359
3979,5980.147
3980,5980.147
3981,2572.128
3982,1245.387
3983,1919.247
3984,1402.24
3985,8068.46
3986,8068.46
3987,73197.51
3988,37255.72
3989,42636.43
3990,15558.83
3991,12166.86
3992,1682.553
3993,1682.553
3994,6582.349
3995,739.6577
3996,739.6577
3997,0
3998,0
3999,473.4575
4000,2641.1
4001,3521.208
4002,0
4003,5585.888
4004,5585.888
4005,40128.01
4006,1479.736
4007,0
4008,9392.095
4009,0
4010,0
4011,14198.81
4012,2626.097
4013,2626.097
4014,1801.205
4015,993.0692
4016,0
4017,0
4018,23822.8
4019,2401.731
4020,14513.32
4021,0
4022,
4023,11172.52
4024,16420.01
4025,1245.387
4026,5018.601
4027,
4028,7216.937
4029,0
4030,6712.44
4031,6377.519
4032,10853.72
4033,10853.72
4034,11107.97
4035,924.5535
4036,924.5535
4037,9246.673
4038,5142.342
4039,1332.844
4040,4519.129
4041,4519.129
4042,186.5425
4043,0
4044,0
4045,728.22
4046,999.5538
4047,999.5538
4048,61.12672
4049,5648.707
4050,3259.62
4051,3259.62
4052,18231.33
4053,0
4054,436.8403
4055,436.8403
4056,0
4057,1820.078
4058,1820.078
4059,6189.558
4060,0
4061,
4062,0
4063,0
4064,2924.44
4065,0
4066,96.18063
4067,96.18063
4068,0
4069,25.2625
4070,0
4071,6367.182
4072,3110.426
4073,2961.069
4074,0
4075,0
4076,0
4077,15244.07
4078,1742.392
4079,1742.392
4080,6423.856
4081,16393.36
4082,0
4083,0
4084,0
4085,0
4086,141.5611
4087,0
4088,0
4089,0
4090,0
4091,1373.84
4092,0
4093,0
4094,1077.153
4095,
4096,
4097,10538.92
4098,118110.7
4099,
4100,
4101,0
4102,0
4103,10713.26
4104,11780.59
4105,5903.257
4106,18587.27
4107,18587.27
4108,0
4109,0
4110,9183.883
4111,0
4112,15792.51
4113,15792.51
4114,5722.199
4115,0
4116,0
4117,0
4118,14566.68
4119,1865.079
4120,0
4121,0
4122,249.2194
4123,0
4124,0
4125,0
4126,0
4127,0
4128,0
4129,0
4130,31848.29
4131,6267.635
4132,6267.635
4133,6267.635
4134,0
4135,0
4136,10265
4137,10265
4138,6135.317
4139,6135.317
4140,11822.65
4141,7622.746
4142,7622.746
4143,0
4144,
4145,6405.912
4146,737.775
4147,737.775
4148,2953.052
4149,0
4150,0
4151,0
4152,0
4153,0
4154,15970.39
4155,0
4156,9627.355
4157,3203.202
4158,5690.458
4159,0
4160,18973.07
4161,0
4162,81653.09
4163,1275.998
4164,1275.998
4165,4209.767
4166,4209.767
4167,0
4168,1072.446
4169,0
4170,15.43521
4171,0
4172,160.7236
4173,160.7236
4174,0
4175,0
4176,0
4177,0
4178,0
4179,0
4180,1102.545
4181,1102.545
4182,0
4183,0
4184,0
4185,0
4186,2951.768
4187,10804.9
4188,10804.9
4189,5084.779
4190,8193.652
4191,0
4192,0
4193,0
4194,0
4195,0
4196,0
4197,0
4198,2588.017
4199,3300.548
4200,4170.612
4201,5325.374
4202,5325.374
4203,5130.886
4204,4469.329
4205,3722.367
4206,119.84
4207,2894.102
4208,2856.089
4209,0
4210,0
4211,0
4212,0
4213,4887.051
4214,6810.076
4215,3768.667
4216,2221.597
4217,2221.597
4218,0
4219,38649.17
4220,11886.35
4221,0
4222,0
4223,0
4224,0
4225,0
4226,4209.639
4227,0
4228,13276.17
4229,35604.72
4230,0
4231,
4232,
4233,0
4234,0
4235,46340.39
4236,929.4228
4237,929.4228
4238,0
4239,217.2131
4240,0
4241,0
4242,0
4243,674.1838
4244,674.1838
4245,2726.784
4246,2726.784
4247,0
4248,4862.678
4249,0
4250,6956.34
4251,6956.34
4252,0
4253,0
4254,18104.85
4255,0
4256,0
4257,4860.603
4258,4860.603
4259,1070.047
4260,4217.834
4261,0
4262,0
4263,5325.374
4264,5325.374
4265,929.4228
4266,11057.06
4267,13302.52
4268,0
4269,1993.748
4270,0
4271,0
4272,648.3917
4273,648.3917
4274,648.3917
4275,7092.067
4276,2900.213
4277,15940.82
4278,15940.82
4279,35995.86
4280,2141.641
4281,3191.411
4282,11630.78
4283,12779.04
4284,8833.457
4285,8833.457
4286,11782.34
4287,11782.34
4288,7041.56
4289,12554.85
4290,22858.23
4291,22858.23
4292,0
4293,8518.467
4294,8518.467
4295,5680.985
4296,5499.063
4297,0
4298,0
4299,3127.88
4300,3127.88
4301,1576.409
4302,4557.452
4303,0
4304,619.0891
4305,619.0891
4306,10217.6
4307,66006.88
4308,0
4309,0
4310,0
4311,0
4312,0
4313,0
4314,0
4315,0
4316,0
4317,0
4318,0
4319,0
4320,0
4321,0
4322,0
4323,0
4324,0
4325,0
4326,0
4327,0
4328,0
4329,0
4330,0
4331,0
4332,0
4333,0
4334,0
4335,92.91125
4336,10434.06
4337,10408.71
4338,9604.226
4339,1804.693
4340,0
4341,0
4342,0
4343,0
4344,0
4345,326.3327
4346,326.3327
4347,326.3327
4348,5374.831
4349,1723.081
4350,0
4351,0
4352,0
4353,81173.16
4354,0
4355,369.0619
4356,369.0619
4357,0
4358,0
4359,627.6369
4360,0
4361,0
4362,1066.209
4363,245.9902
4364,245.9902
4365,1471.015
4366,1432.079
4367,0
4368,23053.37
4369,2827.301
4370,588.6431
4371,5631.508
4372,4220.903
4373,0
4374,0
4375,0
4376,832.5781
4377,9095.537
4378,2337.834
4379,1893.57
4380,0
4381,18990.72
4382,832.6208
4383,5147.279
4384,0
4385,0
4386,2438.793
4387,0
4388,0
4389,0
4390,0
4391,0
4392,0
4393,0
4394,0
4395,3307.309
4396,0
4397,0
4398,0
4399,1179.16
4400,0
4401,0
4402,0
4403,0
4404,2124.83
4405,2591.527
4406,4202.202
4407,0
4408,5530.883
4409,9444.377
4410,0
4411,0
4412,0
4413,37255.72
4414,0
4415,10690.2
4416,10673.67
4417,12113.23
4418,0
4419,0
4420,8833.457
4421,5042.097
4422,0
4423,26426.25
4424,1795.775
4425,0
4426,0
4427,14842.24
4428,6588.155
4429,2592.353
4430,2176.472
4431,46.26969
4432,6027.571
4433,16219.23
4434,1666.121
4435,0
4436,152.1856
4437,0
4438,0
4439,0
4440,0
4441,34015.93
4442,2053.594
4443,9880.008
4444,9880.008
4445,7013.257
4446,0
4447,0
4448,0
4449,0
4450,7918.119
4451,25279.58
4452,2014.272
4453,2014.272
4454,5230.939
4455,379.9331
4456,30074.61
4457,10919.67
4458,10925.37
4459,6914.208
4460,16258.33
4461,470.1743
4462,7727.97
4463,2737.96
4464,2737.96
4465,0
4466,0
4467,0
4468,6422.906
4469,0
4470,6007.016
4471,0
4472,4969.292
4473,0
4474,3848.617
4475,34469.09
4476,10283.29
4477,17832.68
4478,12812.9
4479,3744.206
4480,0
4481,0
4482,0
4483,0
4484,0
4485,0
4486,0
4487,0
4488,0
4489,0
4490,0
4491,0
4492,0
4493,4875.084
4494,0
4495,0
4496,0
4497,0
4498,0
4499,0
4500,1747.017
4501,0
4502,1609.094
4503,122.2308
4504,122.2308
4505,0
4506,4919.766
4507,13883.95
4508,0
4509,5211.322
4510,4983.105
4511,0
4512,861.5425
4513,6708.937
4514,6708.937
4515,9195.383
4516,9195.383
4517,8754.717
4518,0
4519,17658.99
4520,8360.741
4521,8360.741
4522,13158.38
4523,9507.248
4524,9507.248
4525,803.0822
4526,3189.679
4527,0
4528,0
4529,271.7639
4530,13095.2
4531,0
4532,5939.56
4533,3435.505
4534,3435.505
4535,3435.505
4536,2001.924
4537,2001.924
4539,7712.144
4540,5141.964
4541,0
4542,0
4543,686.6547
4544,771.6943
4545,2760.634
4546,16093.1
4547,26339.59
4548,0
4549,1034.918
4550,4955.712
4551,1278.833
4552,3856.04
4553,3856.04
4554,197.2246
4555,5651.936
4556,5151.042
4557,12052.23
4558,0
4559,0
4560,0
4561,38555.88
4562,38441.84
4563,1784.277
4564,
4565,5211.322
4566,0
4567,0
4568,0
4569,3016.722
4570,3016.722
4571,10234.89
4572,0
4573,4854.552
4574,12419.99
4575,0
4576,0
4577,0
4578,5480.976
4579,0
4580,0
4581,6051.498
4582,0
4583,0
4584,0
4585,1034.687
4586,0
4587,0
4588,0
4589,0
4590,10536.25
4591,0
4592,3448.646
4593,1871.18
4594,8218.142
4595,9498.206
4596,2362.212
4597,10938
4598,10938
4599,0
4600,11108.52
4601,2530.217
4602,2530.217
4603,0
4604,0
4605,0
4606,5482.201
4607,0
4608,1541.835
4609,1952.103
4610,0
4611,5833.231
4612,918.1816
4613,8908.536
4614,5527.808
4615,14439.67
4616,0
4617,802.6732
4618,802.6732
4619,5487.166
4620,1354.107
4621,10314.85
4622,0
4623,0
4624,0
4625,1315.07
4626,4626.255
4627,606.86
4628,1212.198
4629,2910.94
4630,2910.94
4631,0
4632,1835.947
4633,6476.859
4634,1611.151
4635,1611.151
4636,863.4885
4637,0
4638,0
4639,0
4640,0
4641,4140.88
4642,4140.88
4643,1305.378
4644,1305.378
4645,42954.81
4646,40348.27
4647,0
4648,0
4649,0
4650,0
4651,0
4652,2565.46
4653,2565.46
4654,0
4655,1835.947
4656,0
4657,0
4658,7845.746
4659,0
4660,0
4661,0
4662,0
4663,11341.26
4664,0
4665,0
4666,0
4667,736.0994
4668,1275.998
4669,15307.05
4670,3374.779
4671,3374.779
4672,1588.587
4673,1588.587
4674,874.1666
4675,0
4676,453.6097
4677,0
4678,
4679,101.6918
4680,195.8663
4681,0
4682,3296.039
4683,0
4684,0
4685,0
4686,4967.063
4687,5909.993
4688,0
4689,0
4690,1609.094
4691,1609.094
4692,0
4693,2884.185
4694,2884.185
4695,0
4696,744.9122
4697,2550.034
4698,0
4699,0
4700,0
4701,0
4702,1221.237
4703,3177.14
4704,0
4705,0
4706,4023.699
4707,4023.699
4708,12126.41
4709,12126.41
4710,5541.886
4711,5541.886
4712,0
4713,13294.37
4714,6740.911
4715,0
4716,6981.307
4717,0
4718,0
4719,25849.39
4720,9744.235
4721,3044.82
4722,3044.82
4723,13326.37
4724,0
4725,6740.068
4726,0
4727,6074.118
4728,8998.925
4729,0
4730,80721.03
4731,2573.648
4732,2573.648
4733,0
4734,596.0162
4735,2434.335
4736,3772.094
4737,10128.65
4738,0
4739,6379.32
4740,996.1794
4741,996.1794
4742,4857.602
4743,8500.967
4744,7249.673
4745,2045.875
4746,0
4747,32447.24
4748,22837.41
4749,2266.422
4750,11496.31
4751,491.8216
4752,0
4753,0
4754,0
4755,0
4756,365.826
4757,365.826
4758,823.8027
4759,0
4760,0
4761,0
4762,1017.267
4763,5722.606
4764,1054.892
4765,0
4766,0
4767,0
4768,6140.063
4769,5646.887
4770,2302.032
4771,0
4772,0
4773,371.3965
4774,371.3965
4775,1515.298
4776,0
4777,0
4778,168.3269
4779,0
4780,2012.822
4781,0
4782,0
4783,0
4784,0
4785,847.7949
4786,847.7949
4787,0
4788,44885.34
4789,0
4790,1130.35
4791,29533.95
4792,0
4793,18583.3
4794,0
4795,0
4796,15143.82
4797,7783.714
4798,0
4799,12339.92
4800,1929.203
4801,16273.96
4802,0
4803,5331.041
4804,1316.007
4805,0
4806,879.5294
4807,728.3394
4808,0
4809,0
4810,3328.3
4811,0
4812,1097.29
4813,30597.57
4814,20118.24
4815,3116.074
4816,3359.385
4817,3359.385
4818,11472.2
4819,0
4820,2013.903
4821,2013.903
4822,2013.903
4823,3693.673
4824,15298.07
4825,39031.52
4826,768.1906
4827,768.1906
4828,15767.91
4829,1457.316
4830,5406.301
4831,4901.072
4832,4404.84
4833,27809.69
4834,1169.375
4835,1169.375
4836,37255.72
4837,9594.026
4838,5723.375
4839,7582.84
4840,2401.731
4841,5826.119
4842,5826.119
4843,6334.285
4844,6334.285
4845,3230.367
4846,3230.367
4847,0
4848,7264.237
4849,4066.125
4850,1795.9
4851,0
4852,40503.85
4853,29522.77
4854,13594.37
4855,11574.13
4856,2191.053
4857,2191.053
4858,3923.141
4859,0
4860,0
4861,2737.96
4862,0
4863,19.83083
4864,19.83083
4865,1080.099
4866,9791.765
4867,1018.437
4868,0
4869,0
4870,1611.948
4871,1242.796
4872,0
4873,0
4874,0
4875,3800.085
4876,642.5153
4877,642.5153
4878,0
4879,1934.151
4880,0
4881,3296.039
4882,0
4883,1820.001
4884,0
4885,2232.873
4886,0
4887,0
4889,8706.732
4890,3427.089
4891,26853.62
4892,0
4893,5428.98
4894,849.5028
4895,2131.309
4896,808.2562
4897,4506.474
4898,490.4312
4899,5419.157
4900,11501.13
4901,1029.653
4902,1029.653
4903,290.6577
4904,0
4905,0
4906,1420.859
4907,1420.859
4908,0
4909,0
4910,0
4911,3183.387
4912,3183.387
4913,0
4914,3351.151
4915,2176.472
4916,2176.472
4917,234.5609
4918,0
4919,0
4920,226.0741
4921,1184.919
4922,1184.919
4923,0
4924,966.5652
4925,966.5652
4926,11137.8
4927,20999.77
4928,0
4929,0
4930,0
4931,6091.695
4932,1773.613
4933,1034.918
4934,729.1948
4935,9388.47
4936,
4937,43420.39
4938,13189.14
4939,299.5528
4940,299.5528
4941,4961.863
4942,393.9878
4943,393.9878
4944,6014.074
4945,2503.979
4946,803.795
4947,1773.546
4948,12214.88
4949,0
4950,3110.854
4951,0
4952,0
4953,2180.986
4954,2180.986
4955,352.6378
4956,352.6378
4957,526.9402
4958,7918.119
4959,2129.731
4960,2317.408
4961,404.197
4962,404.197
4963,3598.325
4964,0
4965,2933.225
4966,2933.225
4967,0
4968,0
4969,15338.53
4970,15307.05
4971,14751.77
4972,2325.847
4973,0
4974,0
4975,955.6829
4976,4666.103
4977,4209.361
4978,0
4979,3391.318
4980,25164.72
4981,0
4982,2863.408
4983,0
4984,10650.64
4985,0
4986,1950.273
4987,1820.001
4988,0
4989,2129.767
4990,2675.708
4991,2675.708
4992,7462.708
4993,7462.708
4994,7462.708
4995,1268.179
4996,1268.179
4997,0
4998,0
4999,0
5000,4224.812
5001,0
5002,0
5003,0
5004,0
5005,0
5006,245.9902
5007,0
5008,15323.36
5009,363.675
5010,3143.799
5011,0
5012,1871.18
5013,1871.18
5014,14058.48
5015,0
5016,2309.479
5017,1609.094
5018,1609.094
5019,5415.844
5020,6409.43
5021,552.0363
5022,13433.75
5023,0
5024,6372.673
5025,6372.673
5026,8202.831
5027,0
5028,7727.926
5029,7727.926
5030,2118.271
5031,0
5032,60.98312
5033,60.98312
5034,0
5035,0
5036,0
5037,16143.24
5038,268.8833
5039,268.8833
5040,0
5041,9160.96
5042,16764.4
5043,16140.35
5044,21722.33
5045,7203.726
5046,
5047,0
5048,0
5049,2006.914
5050,0
5051,3852.154
5052,0
5053,6324.395
5054,17196.91
5055,1198.619
5056,0
5057,6044.14
5058,0
5059,172.0462
5060,7289.543
5061,0
5062,19765.02
5063,2860.792
5064,3450.633
5065,9357.231
5066,9357.231
5067,0
5068,5648.707
5069,5648.707
5070,1610.308
5071,4920.35
5072,0
5073,2374.126
5074,0
5075,2972.23
5076,1770.93
5077,3809.899
5078,0
5079,0
5080,759.6284
5081,759.6284
5082,3965.401
5083,0
5084,8549.998
5085,8549.998
5086,3304.604
5087,6612.961
5088,9612.811
5089,9612.811
5090,11400.32
5091,11400.32
5092,5194.191
5093,1091.415
5094,33628.42
5095,1513.805
5096,0
5097,0
5098,6484.87
5099,2844.216
5100,13992.33
5101,0
5102,16914.21
5103,5827.005
5104,5827.005
5105,1728.122
5106,0
5107,3205.577
5108,1169.72
5109,254.9929
5110,2962.962
5111,2688.053
5112,2688.053
5113,2109.889
5114,11421.21
5115,12271.39
5116,7684.353
5117,1775.833
5118,15054.48
5119,4591.519
5120,1468.776
5121,3251.248
5122,2108.713
5123,12019.94
5124,0
5125,0
5126,2798.921
5127,5019.775
5128,1815.776
5129,682.54
5130,0
5131,4194.225
5132,1836.805
5133,1836.805
5134,1405.953
5135,3460.353
5136,11915.78
5137,9765.508
5138,9765.508
5139,10979.87
5140,10979.87
5141,362.0077
5142,5692.521
5143,5692.521
5144,11271.41
5145,4973.779
5146,3260.55
5147,3260.55
5148,2613.967
5149,5406.301
5150,1039.541
5151,0
5152,2187.757
5153,2187.757
5154,6377.506
5155,6377.506
5156,6377.506
5157,18169.78
5158,0
5159,1653.581
5160,2961.069
5161,0
5162,652.8231
5163,652.8231
5164,0
5165,4838.446
5166,3189.679
5167,7003.195
5170,5026.835
5171,1528.599
5172,1835.454
5173,1835.454
5174,12103.03
5175,2908.909
5176,2908.909
5177,3622.471
5178,4601.679
5179,4601.679
5180,7711.635
5181,7711.635
5182,5810.003
5183,8360.741
5184,34368.41
5185,2032.695
5186,9072.752
5187,9072.752
5188,3637.553
5189,4912.949
5190,4912.949
5191,1197.747
5192,1197.747
5193,14549.07
5194,9767.467
5195,9767.467
5196,12145.59
5197,2176.472
5198,2176.472
5199,0
5200,0
5201,4580.417
5202,14202.8
5203,11385.25
5204,9966.385
5205,4135.303
5206,30496.22
5207,1918.953
5208,1918.953
5209,2418.764
5210,0
5211,0
5212,
5213,
5214,2052.853
5215,0
5216,574.0908
5217,574.0908
5218,
5219,
5220,
5221,4580.417
5222,8026.956
5223,8026.956
5224,3575.909
5225,425.8891
5226,
5227,1704.996
5228,1704.996
5229,9146.337
5230,9070.311
5231,10904.56
5232,694.6024
5233,
5234,6377.506
5235,7617.409
5236,4163.941
5237,4180.469
5238,4130.887
5239,4147.415
5240,0
5241,0
5242,
5243,5421.524
5244,0
5245,0
5246,9705.567
5247,2045.875
5248,1180.208
5249,2471.603
5250,0
5251,0
5252,0
5253,11441.09
5254,0
5255,205.4147
5256,0
5257,1072.446
5258,1040.807
5259,2217.369
5260,2217.369
5261,2217.369
5262,0
5263,0
5264,0
5265,0
5266,0
5267,11523.92
5268,11523.92
5269,
5270,1360.584
5271,0
5272,30012.43
5273,0
5274,7644.848
5275,14450.44
5276,0
5277,6187.995
5278,0
5279,6753.056
5280,6677.031
5281,1848.642
5282,1848.642
5283,0
5284,0
5285,0
5286,0
5287,0
5288,0
5289,0
5290,0
5291,0
5292,0
5293,0
5294,5139.97
5295,0
5296,0
5297,0
5298,1825.863
5299,1825.863
5300,5354.688
5301,5354.688
5302,13351.54
5303,2589.265
5304,2589.265
5305,866.6291
5306,3640.212
5307,548.7766
5308,0
5309,0
5310,2712.741
5311,9385.23
5312,9195.167
5313,6409.43
5314,3550.445
5315,370.3934
5316,5404.383
5317,5366.37
5318,0
5319,4420.413
5320,8833.457
5321,0
5322,0
5323,2653.919
5324,0
5325,0
5326,0
5327,1275.998
5328,0
5329,0
5330,0
5331,0
5332,1001.477
5333,1001.477
5334,1001.477
5335,0
5336,750.1072
5337,750.1072
5338,149.2883
5339,149.2883
5340,4487.04
5341,7696.808
5342,0
5343,0
5344,5704.595
5345,10528.79
5346,10376.74
5347,302.4153
5348,302.4153
5349,526.9402
5350,0
5351,0
5352,2789.414
5353,1587.625
5354,1587.625
5355,5717.771
5356,5717.771
5357,12057.64
5358,2199.039
5359,3407.397
5360,1798.689
5361,1798.689
5362,1858.625
5363,4066.676
5364,10251.16
5365,591.6544
5366,1523.092
5367,2401.731
5368,1216.306
5369,4850.648
5370,2276.483
5371,569.8694
5372,1332.844
5373,563.6322
5374,1525.469
5375,4513.126
5376,116.0692
5377,0
5378,0
5379,0
5380,6343.505
5381,0
5382,2074.389
5383,0
5384,0
5385,4907.131
5386,74270.31
5387,0
5388,9966.385
5389,24829.48
5390,0
5391,125.0615
5392,125.0615
5393,1644.733
5394,1610.225
5395,5895.392
5396,6726.021
5397,6131.877
5398,0
5399,0
5400,103.4544
5401,1618.108
5402,685.3792
5403,1427.282
5404,1427.282
5405,4995.987
5406,9699.353
5407,9666.298
5408,5299.569
5409,5299.569
5410,5299.569
5411,9690.265
5412,5813.97
5413,2568.585
5414,614.9736
5415,614.9736
5416,0
5417,4108.033
5418,10181.51
5419,3080.998
5420,1498.351
5421,1961.606
5422,1961.606
5423,6131.877
5424,6131.877
5425,1180.208
5426,1180.208
5427,4838.446
5428,4838.446
5429,
5430,
5431,6522.99
5432,1609.094
5433,5001.019
5434,7629.674
5435,498.5703
5436,0
5437,0
5438,787.4225
5439,16552.96
5440,8360.741
5441,6401.703
5442,6401.703
5443,1897.22
5444,1897.22
5445,10919.67
5446,10919.67
5447,1609.094
5448,0
5449,0
5450,0
5451,546.2123
5452,546.2123
5453,615.0413
5454,0
5455,2550.034
5456,2158.648
5457,6869.63
5458,6869.63
5459,2129.767
5460,3521.962
5461,0
5462,74.5525
5463,6803.146
5464,4626.255
5465,0
5466,0
5467,0
5468,11629.91
5469,0
5470,0
5471,1555.298
5472,1555.298
5473,13569.73
5474,0
5475,13838.68
5476,929.4228
5477,929.4228
5478,10226.84
5479,640.575
5480,2948.184
5481,1119.352
5482,1119.352
5483,1119.352
5484,10352.17
5485,0
5486,4417.256
5487,9536.003
5488,2176.472
5489,2176.472
5490,3692.552
5491,0
5492,4995.316
5493,0
5494,0
5495,6495.831
5496,0
5497,4484.176
5498,0
5499,0
5500,4023.699
5501,0
5502,0
5503,0
5504,0
5505,14613.48
5506,474.7362
5507,0
5508,0
5509,2749.135
5510,2749.135
5511,5285.598
5512,2687.179
5513,2849.616
5514,2849.616
5515,358.7066
5516,0
5517,230.8685
5518,230.8685
5519,230.8685
5520,0
5521,0
5522,0
5523,0
5524,6905.522
5525,0
5526,0
5527,0
5528,2450.885
5529,2450.885
5530,0
5531,1436.111
5532,1436.111
5533,30790.35
5534,970.4931
5535,0
5536,0
5537,0
5538,12328.94
5539,6140.063
5540,2199.039
5541,7526.419
5542,7526.419
5543,9736.283
5544,6131.877
5545,2583.089
5546,23416.04
5547,912.5261
5548,1157.562
5549,1157.562
5550,1157.562
5551,
5552,
5553,
5554,0
5555,0
5556,0
5557,255.8638
5558,0
5560,209.4192
5561,0
5562,2488.073
5563,0
5564,0
5565,0
5566,9587.301
5567,0
5568,1897.22
5569,0
5570,3733.426
5571,11347.37
5572,0
5573,1510.829
5574,1510.829
5575,1510.829
5576,0
5577,0
5578,8516.88
5579,0
5580,0
5581,6217.906
5582,0
5583,0
5584,0
5585,2619.345
5586,690.7756
5587,0
5588,2782.521
5589,0
5590,0
5591,1300.816
5592,268.3175
5593,0
5594,0
5595,9733.535
5596,0
5597,0
5598,0
5599,0
5600,0
5601,4901.072
5602,1974.323
5603,0
5604,2176.472
5605,0
5606,0
5607,1207.95
5608,96.99438
5609,3332.207
5610,2741.157
5611,0
5612,0
5613,1389.895
5614,39241.85
5615,17423.52
5616,1904.186
5617,5017.262
5618,0
5619,0
5620,0
5621,902.4188
5622,0
5623,0
5624,200.8429
5625,0
5626,0
5627,0
5628,0
5629,1212.198
5630,2456.711
5631,0
5632,24.37875
5633,3743.239
5634,3463.605
5635,4801.96
5636,0
5637,0
5638,0
5639,0
5640,0
5641,0
5642,17832.68
5643,5536.654
5644,746.8591
5645,1135.111
5646,11980.07
5647,19232.43
5648,883.2512
5649,883.2512
5650,883.2512
5651,2752.535
5652,2752.535
5653,4417.256
5654,12426.21
5655,256.47
5656,0
5657,9109.532
5658,0
5659,0
5660,0
5661,0
5662,2243.027
5663,0
5664,0
5665,0
5666,31779.43
5667,
5668,
5669,1786.782
5670,1786.782
5671,11718.33
5672,869.2698
5673,
5674,
5675,5810.003
5676,23694.41
5677,0
5678,9009.968
5679,0
5680,2668.183
5681,2668.183
5682,0
5683,0
5684,0
5685,0
5686,0
5687,0
5688,0
5689,395.8798
5690,
5691,119.84
5692,165.4279
5693,165.4279
5694,165.4279
5695,0
5696,0
5697,9182.813
5698,0
5699,0
5700,0
5701,1407.091
5702,3183.387
5703,1934.158
5704,0
5705,0
5706,0
5707,0
5708,0
5709,0
5710,2525.253
5711,0
5712,0
5713,5937.293
5714,5937.293
5715,407.6648
5716,0
5717,0
5718,0
5719,0
5720,1257.333
5721,0
5722,1751.039
5723,5130.084
5724,2140.599
5725,2140.599
5726,0
5727,0
5728,0
5729,0
5730,0
5731,0
5732,0
5733,1609.094
5734,1609.094
5735,0
5736,1950.273
5737,0
5738,12304.1
5739,0
5740,12508.29
5741,0
5742,0
5743,1723.081
5744,1723.081
5745,0
5746,0
5747,0
5748,0
5749,285.2638
5750,0
5751,1394.592
5752,0
5753,2547.668
5754,0
5755,0
5756,14202.8
5757,0
5758,5648.707
5759,5648.707
5760,0
5761,0
5762,0
5763,0
5764,0
5765,5163.327
5766,5163.327
5767,5527.808
5768,8044.735
5769,3688.069
5770,0
5771,1622.742
5772,1622.742
5773,0
5774,0
5775,3.604584
5776,3.604584
5777,7807.232
5778,0
5779,2142.257
5780,241.8412
5781,0
5782,0
5783,4979.464
5784,37255.72
5785,0
5786,0
5787,0
5788,0
5789,0
5790,0
5791,0
5792,0
5793,4245.926
5794,1244.736
5795,2018.234
5796,2018.234
5797,0
5798,11667.27
5799,0
5800,0
5801,0
5802,4333.976
5803,1236.89
5804,0
5805,0
5806,10199.72
5807,0
5808,0
5809,0
5810,0
5811,0
5813,7930.213
5814,0
5815,0
5816,0
5817,0
5818,0
5819,0
5820,0
5821,0
5822,0
5823,0
5824,0
5825,0
5826,0
5827,0
5828,0
5829,0
5830,0
5831,3128.757
5832,0
5833,2673.879
5834,0
5835,0
5836,7765.611
5837,0
5838,5001.019
5839,5001.019
5840,19006.72
5841,11513.39
5842,1176.025
5843,5325.374
5844,335.1653
5845,0
5846,0
5847,0
5848,0
5849,0
5850,0
5851,0
5852,0
5853,0
5854,0
5855,0
5856,0
5857,0
5858,10746.7
5859,5292.985
5860,0
5861,540.9106
5862,1027.125
5863,1027.125
5864,0
5865,0
5866,702.1675
5867,15212.57
5868,5196.105
5869,6074.118
5870,11820.53
5871,0
5872,4185.456
5873,0
5874,0
5875,0
5876,1471.015
5877,3075.66
5878,7222.184
5879,7222.184
5880,0
5881,23212.71
5882,16315.11
5883,15476.79
5884,2620.632
5885,2620.632
5886,2620.632
5887,0
5888,18869.88
5889,750.5363
5890,3294.868
5891,0
5892,0
5893,0
5894,2176.472
5895,2176.472
5896,849.5563
5897,4724.498
5898,22974.64
5899,149.1075
5900,149.1075
5901,0
5902,866.1433
5903,5015.593
5904,5015.593
5905,543.4644
5906,1820.001
5907,1820.001
5908,8368.475
5909,8368.475
5910,8833.457
5911,8833.457
5912,7047.573
5913,0
5914,569.8694
5915,2737.96
5916,2737.96
5917,15209.14
5918,439.4025
5919,0
5920,0
5921,928.4156
5922,1639.767
5923,
5924,268.4553
5925,268.4553
5926,0
5927,0
5928,368.1633
5929,368.1633
5930,0
5931,0
5932,0
5933,1105.036
5934,46.26969
5935,0
5936,0
5937,0
5938,1934.151
5939,0
5940,0
5941,1500.111
5942,1500.111
5943,5794.682
5944,8833.457
5945,3743.239
5946,3743.239
5947,3463.605
5948,0
5949,1666.121
5950,2176.472
5951,16406.92
5952,1407.091
5953,0
5954,9008.221
5955,977.8484
5956,977.8484
5957,5094.449
5958,0
5959,0
5960,0
5961,0
5962,0
5963,4995.101
5964,1934.151
5965,2053.594
5966,10217.6
5967,2082.087
5968,15611.38
5969,1501.362
5970,5217.786
5971,1694.836
5972,4956.916
5973,1744.057
5974,1744.057
5975,9862.102
5976,9862.102
5977,10243.63
5978,10243.63
5979,13883.95
5980,15873.23
5981,44253.64
5982,0
5983,0
5984,311.6137
5985,84.55541
5986,712.8451
5987,0
5988,0
5989,37.19313
5990,0
5991,0
5992,0
5993,0
5994,0
5995,0
5996,0
5997,382.5361
5998,382.5361
5999,10256.15
6000,6772.877
6001,786.9216
6002,2748.708
6003,2748.708
6004,0
6005,2173.824
6006,18399.8
6007,0
6008,2162.52
6009,0
6010,498.5703
6011,0
6012,0
6013,2622.615
6014,1472.144
6015,0
6016,0
6017,0
6018,804.23
6019,804.23
6020,0
6021,2167.537
6022,1245.387
6023,12163.47
6025,0
6026,0
6027,46596.65
6028,776.7219
6029,14718.13
6030,7350.272
6031,0
6032,1950.273
6033,4320.03
6034,0
6035,358.4217
6036,299.5528
6037,0
6038,0
6039,0
6040,2318.913
6041,2318.913
6042,0
6043,3318.577
6044,7169.822
6045,2097.412
6046,0
6047,11.71896
6048,11.71896
6049,12712.58
6050,26596.47
6051,0
6052,1332.844
6053,
6054,5547.725
6055,10301.07
6056,3183.387
6057,591.6544
6058,0
6059,0
6060,0
6061,1793.926
6062,1793.926
6063,0
6064,0
6065,4528.768
6066,29489.45
6067,0
6068,0
6069,0
6070,0
6071,0
6072,0
6073,0
6074,14670.44
6075,0
6076,13947.58
6077,41728.01
6078,0
6079,11235.6
6080,11235.6
6081,
6082,1080.567
6083,1080.567
6084,0
6085,334.2173
6086,334.2173
6087,334.2173
6088,334.2173
6089,9714.542
6090,0
6091,0
6092,0
6093,1609.094
6094,1204.305
6095,1204.305
6096,1204.305
6097,5487.96
6098,1772.812
6099,10081.01
6100,7289.66
6101,2307.108
6102,2307.108
6103,12855.17
6104,725.2922
6105,5648.707
6106,5648.707
6107,0
6108,11178.47
6109,12303.13
6110,0
6111,0
6112,9203.207
6113,9203.207
6114,0
6115,0
6116,0
6117,92.68375
6118,0
6119,0
6120,2177.869
6121,782.074
6122,782.074
6123,782.074
6124,0
6125,0
6126,6283.592
6127,4082.656
6128,26309.93
6129,0
6130,0
6131,0
6132,2490.417
6133,25913.87
6134,2604.098
6135,3474.842
6136,0
6137,0
6138,942.9881
6139,498.5703
6140,
6141,566.1277
6142,566.1277
6143,1124.446
6144,1124.446
6145,0
6146,0
6147,0
6148,311.6085
6149,0
6150,2464.101
6151,2464.101
6152,2176.472
6153,17803.06
6154,
6155,486.3938
6156,486.3938
6157,13728.14
6158,11172.58
6159,12208.45
6160,0
6161,0
6162,0
6163,0
6164,0
6165,0
6166,0
6167,0
6168,0
6169,0
6170,0
6171,0
6172,0
6173,8123.654
6174,2074.389
6175,4961.417
6176,0
6177,0
6178,2015.611
6179,1014.486
6180,849.43
6181,8260.455
6182,4275.069
6183,8833.457
6184,2737.96
6185,2181.497
6186,0
6187,3355.188
6188,0
6189,3554.728
6190,38380.97
6191,5729.385
6192,5729.385
6193,935.8928
6194,0
6195,0
6196,0
6197,2737.96
6198,2737.96
6199,4666.103
6200,
6201,2051.314
6202,2051.314
6203,0
6204,700.9535
6205,992.9608
6206,992.9608
6207,0
6208,2065.808
6209,0
6210,0
6211,0
6212,
6213,
6214,0
6215,0
6216,0
6217,1040.807
6218,1040.807
6219,1040.807
6220,2800.097
6221,2800.097
6222,3068.291
6223,9139.18
6224,11868.41
6225,11868.41
6226,569.8694
6227,17832.68
6228,0
6229,12066.7
6230,12066.7
6231,0
6232,0
6233,0
6234,0
6235,1609.094
6236,58.54583
6237,58.54583
6238,1337.061
6239,
6240,0
6241,0
6242,1958.139
6243,6921.031
6244,6921.031
6245,10400.28
6246,5956.153
6247,3012.991
6248,5789.605
6249,12140.08
6250,8676.012
6251,5313.131
6252,0
6253,3072.325
6254,4932.978
6255,
6256,2022.507
6257,2022.507
6258,14306.71
6259,0
6260,10091.45
6261,2457.904
6262,2457.904
6263,17227.11
6264,0
6265,0
6266,0
6267,4271.808
6268,0
6269,
6270,
6271,19072.68
6272,19072.68
6273,28121.55
6274,12237.59
6275,12315.41
6276,2800.394
6277,1027.666
6278,922.7513
6279,4925.292
6280,1391.998
6281,4789.316
6282,0
6283,0
6284,945.4608
6285,0
6286,804.23
6287,0
6288,0
6289,0
6290,0
6291,173.0163
6292,0
6293,1373.84
6294,1265.474
6295,2255.068
6296,3858.073
6297,0
6298,7399.857
6299,6894.037
6300,6894.037
6301,0
6302,2252.38
6303,2603.7
6304,2603.7
6305,0
6306,0
6307,4312.238
6308,10801.63
6309,3504.329
6310,0
6311,9531.482
6312,2109.308
6313,290.1809
6314,0
6315,2109.308
6316,5365.801
6317,12960.1
6318,12960.1
6319,5196.105
6320,243.6977
6321,243.6977
6322,46.26969
6323,46.26969
6324,0
6325,0
6326,2537.259
6327,12774.5
6328,13120.56
6329,13425
6330,20842.76
6331,16339.55
6332,1109.721
6333,6532.92
6334,0
6335,0
6336,4907.307
6337,5911.158
6338,5955.21
6339,7533.028
6340,2289.216
6341,2855.528
6342,15776.6
6343,0
6344,0
6345,1745.527
6346,10084.34
6347,6714.445
6348,3939.026
6351,3721.688
6352,3721.688
6353,0
6354,35206.83
6355,6051.498
6356,2187.757
6357,2187.757
6358,3180.744
6359,0
6360,0
6361,5084.779
6362,10778.23
6363,0
6364,0
6365,4193.912
6366,0
6367,3050.443
6368,0
6369,5487.004
6370,38266.93
6371,5657.532
6372,4223.074
6373,2289.216
6374,9736.283
6375,0
6376,5659.65
6377,5659.65
6378,6704
6379,4662.443
6380,5069.429
6381,8365.231
6382,0
6383,6074.707
6384,2933.225
6385,2933.225
6386,1207.95
6387,1207.95
6388,1119.352
6389,1119.352
6390,2111.21
6391,2111.21
6392,0
6393,40929.98
6394,5729.385
6395,2142.603
6396,2142.603
6397,0
6398,1853.841
6399,12485.84
6400,665.4135
6401,6612.961
6402,1688.343
6403,77610.23
6404,0
6405,11075.22
6406,9800.711
6407,0
6408,5388.511
6409,0
6410,19046.36
6411,924.4346
6412,924.4346
6413,2125.661
6414,0
6415,3575.909
6416,3575.909
6417,2289.216
6418,1609.094
6419,1609.094
6420,0
6421,1877.926
6422,6025.763
6423,2514.023
6424,2514.023
6425,2390.304
6426,5096.571
6427,245.9902
6428,3294.868
6429,3294.868
6430,2401.731
6431,12779.04
6432,2849.877
6433,2289.216
6434,5547.725
6435,17236.9
6436,1622.742
6437,1622.742
6438,1366.534
6439,1366.534
6440,7727.97
6441,7727.97
6442,0
6443,3199.098
6444,725.0396
6445,725.0396
6446,15244.07
6447,1666.121
6448,1666.121
6449,0
6450,1609.094
6451,5244.382
6452,3745.901
6453,3773.463
6454,2736.191
6455,1011.797
6456,
6457,
6458,1245.419
6459,0
6460,425.8891
6461,425.8891
6462,2453.333
6463,0
6464,5996.148
6465,16168.73
6466,0
6467,0
6468,875.6254
6469,875.6254
6470,0
6471,0
6472,6829.246
6473,6829.246
6474,0
6475,5001.443
6476,5001.443
6477,669.5027
6478,2574.626
6479,2128.027
6480,2128.027
6481,3301.477
6482,1464.633
6483,1464.633
6484,74398.21
6485,17540.56
6486,17540.56
6487,20063.31
6488,20046.78
6489,1040.807
6490,0
6491,4559.745
6492,12697.06
6493,5012.459
6494,17572.95
6495,6065.97
6496,0
6497,0
6498,0
6499,1455.396
6500,1455.396
6501,0
6502,0
6503,7118.079
6504,7004.041
6505,0
6506,7906.244
6507,0
6508,0
6509,0
6510,0
6511,262.655
6512,19521.64
6513,4419.108
6514,4419.108
6515,9426.968
6516,9360.858
6517,4888.936
6518,4888.936
6519,0
6520,0
6521,0
6522,588.2928
6523,0
6524,16516.84
6525,16466.16
6526,0
6527,0
6528,0
6529,0
6530,0
6531,4801.96
6532,15577.7
6533,0
6534,1931.847
6535,2528.525
6536,3183.387
6537,20083.71
6538,0
6539,0
6540,4076.127
6541,11571
6542,6073.027
6543,2090.853
6544,2592.166
6545,6977.914
6546,0
6547,20885.01
6548,13776.96
6549,34492.83
6550,9618.545
6551,0
6552,2921.269
6553,4037.233
6554,4015.197
6555,4009.504
6556,3018.972
6557,3018.972
6558,11601.68
6559,8712.4
6560,0
6561,1519.128
6562,1519.128
6563,1519.128
6564,12984.18
6565,1118.724
6566,297.1931
6567,297.1931
6568,602.4437
6569,602.4437
6570,352.6471
6571,1142.629
6572,0
6573,0
6574,0
6575,6150.035
6576,1610.316
6577,0
6578,0
6579,1124.446
6580,0
6581,152.7813
6582,0
6583,0
6584,0
6585,0
6586,0
6587,0
6588,3214.423
6589,0
6590,0
6591,0
6592,869.2012
6593,0
6594,0
6595,0
6596,0
6597,0
6598,0
6599,0
6600,0
6601,2490.632
6602,0
6603,0
6604,0
6605,0
6606,26.87203
6607,26.87203
6608,0
6609,0
6610,0
6611,0
6612,0
6613,0
6614,0
6615,929.8003
6616,0
6617,0
6618,0
6619,0
6620,0
6621,2788.661
6622,2961.8
6623,0
6624,0
6625,0
6626,0
6627,0
6628,0
6629,728.22
6630,0
6631,0
6632,0
6633,0
6634,0
6635,0
6636,10156.69
6637,43337.41
6638,0
6639,0
6640,0
6641,0
6642,0
6643,0
6644,122.5928
6645,0
6646,0
6647,0
6648,0
6649,0
6650,0
6651,0
6652,0
6653,0
6654,0
6655,262.0763
6656,262.0763
6657,0
6658,0
6659,0
6660,3800.085
6661,3800.085
6662,3800.085
6663,0
6664,0
6665,0
6667,0
6668,0
6669,0
6670,1106.929
6671,5034.609
6672,0
6673,0
6674,439.1106
6675,0
6676,631.9403
6677,0
6678,0
6679,0
6680,1150.35
6681,1150.35
6682,2641.472
6683,0
6684,0
6685,677.1094
6686,0
6687,0
6688,0
6689,0
6690,0
6692,0
6693,0
6694,0
6695,0
6696,0
6697,0
6698,0
6699,0
6700,0
6701,0
6702,11033.2
6703,0
6704,0
6705,0
6706,10006.36
6707,0
6708,0
6709,0
6710,0
6711,995.2966
6712,995.2966
6713,498.8217
6714,0
6715,0
6716,0
6717,0
6718,0
6719,0
6720,3371.039
6721,5211.334
6722,0
6723,0
6724,0
6725,241.8412
6726,518.595
6727,1509.917
6728,1509.917
6729,2317.366
6730,781.4454
6731,7135.996
6732,7059.97
6733,28156.65
6734,0
6735,0
6736,0
6737,0
6738,18369.41
6739,0
6740,
6741,0
6742,0
6743,0
6744,2230.034
6745,0
6746,0
6747,2454.492
6748,0
6749,0
6750,7874.323
6751,0
6752,0
6753,0
6754,0
6755,0
6756,0
6757,2741.157
6758,2162.52
6759,0
6760,0
6761,0
6762,240.0576
6763,0
6764,1300.816
6765,0
6766,0
6767,0
6768,0
6769,381.0406
6770,0
6771,9602.193
6772,0
6773,16093.1
6774,0
6775,0
6776,0
6777,0
6778,0
6779,548.4542
6780,548.4542
6781,2055.485
6782,0
6783,0
6784,0
6785,0
6786,0
6787,0
6788,0
6789,0
6790,0
6791,0
6792,0
6793,0
6794,16148.24
6795,20405.75
6796,7522.291
6797,3128.126
6798,0
6799,3775.881
6800,0
6801,0
6802,0
6803,1983.279
6804,1983.279
6805,392.1812
6806,1040.807
6807,1040.807
6808,0
6809,1481.416
6810,1269.604
6811,1269.604
6812,0
6813,0
6814,0
6815,5811.614
6816,5811.614
6817,0
6818,0
6819,0
6820,0
6821,2464.509
6822,2464.509
6823,0
6824,421.946
6825,421.946
6826,0
6827,0
6828,0
6829,0
6830,836.0486
6831,836.0486
6832,877.4412
6833,0
6834,0
6835,0
6836,0
6837,0
6838,0
6839,0
6840,0
6841,0
6842,0
6843,216.5451
6844,216.5451
6845,0
6846,249.9747
6847,
6848,0
6849,0
6850,0
6851,0
6852,18859.12
6853,0
6854,804.23
6855,0
6856,0
6857,0
6858,0
6859,0
6860,0
6861,0
6862,34081.82
6863,310.0862
6864,0
6865,2631.475
6866,6452.825
6867,6452.825
6868,
6869,0
6870,0
6871,0
6872,0
6873,0
6874,0
6875,0
6876,247.1497
6877,0
6878,0
6879,0
6880,0
6881,0
6882,0
6883,0
6884,0
6885,0
6886,226.0901
6887,226.0901
6888,1153.378
6889,1153.378
6890,0
6891,0
6892,0
6893,0
6894,0
6895,0
6896,0
6897,0
6898,0
6899,0
6900,6049.658
6901,0
6902,1020.728
6903,0
6904,627.9697
6905,0
6906,0
6907,0
6908,0
6909,0
6910,946.2925
6911,0
6912,2650.726
6913,0
6914,0
6915,0
6916,0
6917,0
6918,924.539
6919,
6920,924.539
6921,0
6922,0
6923,0
6924,970.4931
6925,0
6926,0
6927,0
6928,791.2234
6929,791.2234
6930,0
6931,0
6932,13305.9
6933,0
6934,3509.109
6935,3509.109
6936,0
6937,2341.992
6938,0
6939,978.6229
6940,0
6941,1185.595
6942,3364.49
6943,0
6944,0
6945,7139.981
6946,0
6947,5142.558
6948,0
6949,17975.01
6950,0
6951,702.4419
6952,0
6953,0
6954,4195.311
6956,17401.84
6957,46.26969
6958,0
6959,0
6960,0
6961,0
6962,1995.234
6963,0
6964,0
6965,2732.25
6966,0
6967,3792.339
6968,0
6969,0
6970,0
6971,0
6972,0
6973,0
6974,0
6975,0
6976,0
6977,755.6765
6978,0
6979,0
6980,0
6981,548.7766
6982,0
6983,0
6984,0
6985,0
6986,4156.896
6987,0
6988,0
6989,0
6990,0
6991,0
6992,0
6993,0
6994,0
6995,0
6996,1597.95
6997,0
6998,1597.95
6999,0
7000,0
7001,0
7002,17658.99
7003,0
7004,0
7005,0
7006,1430.406
7007,1430.406
7008,0
7009,0
7010,0
7011,0
7012,2162.52
7013,0
7014,0
7015,1924.498
7016,0
7017,11669.46
7018,0
7019,123.3613
7020,2550.034
7021,434.0425
7022,0
7023,0
7024,0
7025,0
7026,0
7027,0
7028,0
7029,0
7030,0
7031,0
7032,
7033,0
7034,0
7035,0
7036,1034.918
7037,1207.95
7038,1207.95
7039,0
7040,0
7041,0
7042,0
7043,3096.239
7044,0
7045,0
7046,0
7047,0
7048,2877.62
7049,0
7050,0
7051,0
7052,0
7053,8576.942
7054,0
7055,753.5723
7056,753.5723
7057,0
7058,0
7059,0
7060,0
7061,7052.215
7062,0
7063,0
7064,4274.349
7065,0
7066,0
7067,880.7381
7068,0
7069,0
7070,396.6227
7071,0
7072,0
7073,0
7074,0
7075,0
7076,0
7077,0
7078,0
7079,0
7080,0
7081,0
7082,0
7083,0
7084,0
7085,0
7086,0
7087,0
7088,0
7089,0
7090,0
7091,0
7092,0
7093,36578.91
7094,0
7095,7648.656
7096,27183.21
7097,508.3117
7098,7846.833
7099,0
7100,0
7101,2818.713
7102,0
7103,0
7104,586.4147
7105,586.4147
7106,0
7107,0
7108,0
7109,0
7110,0
7111,0
7112,0
7113,0
7114,0
7115,0
7116,0
7117,3107.261
7118,4425.325
7119,0
7120,0
7121,1186.366
7122,0
7123,0
7124,10217.6
7125,0
7126,0
7127,0
7128,0
7129,0
7130,604.0653
7131,0
7132,544.9119
7133,0
7134,633.1322
7135,2210.319
7136,0
7137,0
7138,0
7139,0
7140,0
7141,0
7142,0
7143,508.6169
7144,508.6169
7145,0
7146,0
7147,0
7148,
7149,0
7150,0
7151,21.85906
7152,0
7153,0
7154,0
7155,0
7156,1555.298
7157,1555.298
7158,2611.019
7159,0
7160,0
7161,7862.287
7162,18326.34
7163,18212.3
7164,4246.774
7165,13357.06
7166,9966.385
7167,5499.063
7168,0
7169,0
7170,8493.13
7171,8493.13
7172,1083.828
7173,0
7174,0
7175,0
7176,0
7177,241.8412
7178,0
7179,0
7180,6452.825
7181,6452.825
7182,0
7183,20021.57
7184,0
7185,
7186,36491.44
7187,32113.32
7188,10791.74
7189,0
7190,0
7191,0
7192,0
7193,69568.73
7194,0
7195,0
7196,686.2531
7197,686.2531
7198,686.2531
7199,686.2531
7200,2162.52
7201,0
7202,0
7203,0
7204,0
7205,2434.218
7206,0
7207,0
7208,0
7209,0
7210,0
7211,0
7212,0
7213,0
7214,0
7215,3195.363
7216,0
7217,0
7218,97.08234
7219,97.08234
7220,2014.247
7221,4743.411
7222,0
7223,0
7224,15538.7
7225,5245.857
7226,5245.857
7227,1186.366
7228,0
7229,0
7230,0
7231,0
7232,0
7233,0
7234,0
7235,0
7236,0
7237,1471.015
7238,0
7239,0
7240,0
7241,0
7242,0
7243,377.7089
7244,0
7245,1048.155
7246,1048.155
7247,1048.155
7248,1048.155
7249,0
7250,0
7251,277.4218
7252,0
7253,0
7254,4254.55
7255,4254.55
7256,6135.317
7257,19936.89
7258,17399.93
7259,0
7260,6860.733
7261,6619.309
7262,3463.605
7263,0
7264,0
7265,0
7266,0
7267,0
7268,0
7269,0
7270,1582.682
7271,0
7272,2550.034
7273,0
7274,0
7275,0
7276,312.2527
7277,312.2527
7278,1039.529
7279,833.6865
7280,0
7281,0
7282,0
7283,0
7284,5659.65
7285,1105.036
7286,119.84
7287,5015.893
7288,5015.893
7289,2735.763
7290,1302.739
7291,12913.79
7292,20256.35
7293,7410.422
7294,7410.422
7295,0
7296,19163.28
7297,0
7298,0
7299,77.97656
7300,0
7301,0
7302,0
7303,173.0163
7304,0
7305,0
7306,4548.014
7307,0
7308,0
7309,19680.53
7310,0
7311,135.015
7312,135.015
7313,374.2602
7314,374.2602
7315,0
7316,0
7317,0
7318,0
7319,0
7320,0
7321,0
7322,0
7323,0
7324,31795.48
7325,1591.464
7326,0
7327,0
7328,23.81425
7329,23.81425
7330,0
7331,12.3065
7332,0
7333,0
7334,725.0396
7335,725.0396
7336,725.0396
7337,0
7338,0
7339,2355.669
7340,0
7341,0
7342,899.9397
7343,656.1403
7344,656.1403
7345,0
7346,0
7347,0
7348,15961.69
7349,1426.146
7350,1426.146
7351,1426.146
7352,0
7353,0
7354,0
7355,0
7356,0
7357,1019.576
7358,0
7359,0
7360,5280.792
7361,6679.149
7362,13886.45
7363,0
7364,968.2219
7365,0
7366,0
7367,0
7368,0
7369,0
7370,0
7371,0
7372,0
7373,0
7374,0
7375,0
7376,0
7377,0
7378,0
7379,0
7380,0
7381,4223.074
7382,0
7383,0
7384,0
7385,0
7386,5042.097
7387,0
7388,8044.735
7389,4776.623
7390,1080.099
7391,1011.797
7392,16985.62
7393,16985.62
7394,724.3041
7395,0
7396,0
7397,0
7398,0
7399,0
7400,0
7401,13302.52
7402,753.4984
7403,753.4984
7404,128.847
7405,0
7406,0
7407,0
7408,1177.298
7409,0
7410,0
7411,0
7412,17731.63
7413,471.14
7414,3884.411
7415,3884.411
7416,0
7417,10363.28
7418,4602.025
7419,0
7420,15007.33
7421,15007.33
7422,4905.549
7423,0
7424,5561.536
7425,0
7426,5244.382
7427,6409.43
7428,0
7429,2687.201
7430,0
7431,9265.271
7432,1517.711
7433,1893.57
7434,3490.085
7435,3490.085
7436,16.00542
7437,16.00542
7438,0
7439,0
7440,0
7441,0
7442,72.065
7443,72.065
7444,0
7445,0
7446,0
7447,0
7448,1871.18
7449,1871.18
7451,0
7452,0
7453,383.6825
7454,0
7455,0
7456,0
7457,0
7458,0
7459,0
7460,0
7461,0
7462,0
7463,1037.221
7464,566.1277
7465,566.1277
7466,8.068542
7467,0
7468,0
7469,0
7470,3072.325
7471,0
7472,0
7473,0
7474,0
7475,3070.381
7476,0
7477,0
7478,0
7479,0
7480,0
7481,0
7482,0
7483,0
7484,0
7485,1934.151
7486,0
7487,0
7488,0
7489,0
7490,0
7491,4896.006
7492,4417.256
7493,0
7494,0
7495,0
7496,0
7497,0
7498,0
7499,0
7500,0
7501,0
7502,0
7503,0
7504,0
7505,213.9358
7506,1509.917
7507,1509.917
7508,0
7509,1804.543
7510,3201.951
7511,1009.982
7512,0
7513,0
7514,3575.909
7515,3575.909
7516,22851.13
7517,0
7518,0
7519,0
7520,0
7521,0
7522,49.70438
7523,0
7524,0
7525,0
7526,0
7527,0
7528,0
7529,0
7530,0
7531,0
7532,0
7533,0
7534,0
7535,0
7536,0
7537,1404.717
7538,840.9672
7539,840.9672
7540,0
7541,0
7542,0
7543,0
7544,0
7545,0
7546,1437.604
7547,1437.604
7548,5887.869
7549,
7550,0
7551,
7552,9705.567
7553,9705.567
7554,0
7555,0
7556,0
7557,0
7558,0
7559,0
7560,2589.265
7561,0
7562,0
7563,2520.778
7564,5105.864
7565,5105.864
7566,0
7567,0
7568,0
7569,35230.12
7570,1940.332
7571,0
7572,0
7573,0
7574,4528.768
7575,0
7576,51.83638
7577,1167.127
7578,160.4826
7579,160.4826
7580,0
7581,0
7582,2977.968
7583,0
7584,0
7585,0
7586,0
7587,
7588,1950.273
7589,1950.273
7590,0
7591,0
7592,0
7593,7120.796
7594,401.6663
7595,0
7596,0
7597,0
7598,0
7599,0
7600,1993.936
7601,0
7602,460.2484
7603,20506.82
7604,0
7605,0
7606,0
7607,1294.619
7608,5790.99
7609,1034.918
7610,5053.674
7611,0
7612,13686.38
7613,0
7614,0
7615,0
7616,0
7617,739.3755
7618,0
7619,0
7620,0
7621,36622.91
7622,0
7623,46707.43
7624,
7625,0
7626,0
7627,0
7628,0
7629,0
7630,0
7631,1166.767
7632,0
7633,0
7634,519.973
7635,0
7636,0
7637,0
7638,0
7639,0
7640,0
7641,1471.015
7642,2345.501
7643,7210.454
7644,0
7645,12176.9
7646,725.0396
7647,0
7648,0
7649,6159.553
7650,6159.553
7651,12298.24
7652,7730.011
7653,8554.216
7654,
7655,811.9584
7656,2737.96
7657,2737.96
7658,0
7659,0
7660,1045.371
7661,1045.371
7662,1045.371
7663,
7664,
7665,3070.381
7666,725.0396
7667,10557.01
7668,0
7669,0
7670,0
7671,0
7672,1345.616
7673,0
7674,405.3912
7675,0
7676,0
7677,0
7678,0
7680,0
7681,0
7682,2135.507
7683,0
7684,0
7685,10919.67
7686,10919.67
7687,0
7688,294.5244
7689,0
7690,0
7691,0
7692,1618.108
7693,0
7694,2381.151
7695,3676.219
7696,0
7697,0
7698,0
7699,0
7700,0
7701,0
7702,0
7703,0
7704,0
7705,0
7706,0
7707,0
7708,0
7709,0
7710,0
7711,141.5611
7712,0
7713,0
7714,0
7715,0
7716,0
7717,0
7718,0
7719,0
7720,0
7721,0
7722,0
7723,0
7724,0
7725,0
7726,0
7727,0
7728,0
7729,0
7730,0
7731,0
7732,0
7733,0
7734,0
7735,0
7736,0
7737,0
7738,421.9939
7739,1006.257
7740,0
7741,0
7742,0
7743,0
7744,0
7745,709.3719
7746,709.3719
7747,0
7748,0
7749,1570.23
7750,0
7751,0
7752,0
7753,0
7755,0
7756,0
7757,0
7758,0
7759,1997.083
7760,0
7761,0
7762,0
7763,0
7764,2804.979
7765,956.83
7766,956.83
7767,3107.261
7768,0
7769,3180.124
7770,3180.124
7771,3180.124
7772,0
7773,0
7774,1703.877
7775,0
7776,0
7777,1381.744
7778,3637.222
7779,0
7780,0
7781,8754.717
7782,8754.717
7783,4250.462
7784,0
7785,0
7786,3094.214
7787,3094.214
7788,0
7789,0
7790,0
7791,11980.07
7792,2992.266
7793,2992.266
7794,0
7795,461.025
7796,0
7797,0
7798,0
7799,0
7800,9755.562
7801,831.4713
7802,0
7803,0
7804,0
7805,0
7806,0
7807,271.7784
7808,0
7809,0
7810,0
7811,0
7812,0
7813,0
7814,0
7815,0
7816,0
7817,0
7818,318.3893
7819,4559.23
7820,4148.176
7821,4559.23
7822,4148.176
7823,14871.9
7824,0
7825,11828.27
7826,0
7827,0
7828,0
7829,498.5703
7830,2302.032
7831,2302.032
7832,0
7833,0
7834,
7835,
7836,0
7837,0
7838,0
7839,113.6288
7840,0
7841,0
7842,0
7843,0
7844,1871.18
7845,0
7846,777.6298
7847,718.3434
7848,718.3434
7849,2651.82
7850,0
7851,0
7852,0
7853,0
7854,412.1927
7855,4838.446
7856,1997.59
7857,2643.485
7858,77.645
7859,77.645
7860,0
7861,1484.365
7862,1235.373
7863,0
7864,0
7865,209.8823
7866,209.8823
7867,0
7868,0
7869,12.82063
7870,3530.173
7871,241.8412
7872,5427.764
7873,1804.693
7874,1804.693
7875,0
7876,0
7877,73.71645
7878,73.71645
7879,0
7880,0
7881,0
7882,0
7883,0
7884,0
7885,0
7886,0
7887,0
7888,0
7889,0
7890,0
7891,256.2261
7892,256.2261
7893,0
7894,0
7895,0
7896,0
7897,0
7898,0
7899,0
7900,0
7901,0
7902,0
7903,0
7904,1380.3
7905,0
7906,0
7907,0
7908,0
7909,0
7910,0
7911,0
7912,0
7913,0
7914,0
7915,0
7916,0
7917,0
7918,4417.256
7919,645.6744
7920,645.6744
7921,600.1766
7923,0
7924,0
7925,0
7926,16555.39
7927,0
7928,5105.864
7929,6922.994
7930,
7931,
7932,31761.78
7933,6463.786
7934,6463.786
7935,23865.61
7936,38048.99
7937,498.5703
7938,0
7939,4741.136
7940,7622.579
7941,0
7942,1132.927
7943,9246.673
7944,9246.673
7945,8971.006
7946,1733.479
7947,1733.479
7948,1733.479
7949,0
7950,0
7951,0
7952,0
7953,0
7954,0
7955,0
7956,0
7958,0
7959,0
7960,0
7961,0
7962,0
7963,0
7964,10215.34
7965,30258.64
7966,0
7967,0
7968,0
7969,1988.997
7970,34308.86
7971,34300.04
7972,1783.813
7973,1783.813
7974,0
7975,0
7977,3183.387
7978,0
7979,0
7980,0
7981,0
7982,0
7983,0
7984,0
7985,0
7986,0
7987,0
7988,0
7989,0
7990,0
7991,223.9869
7992,0
7993,0
7994,0
7995,5659.65
7996,5286.318
7997,1035.346
7998,1035.346
7999,0
8000,0
8001,0
8002,0
8003,0
8004,0
8005,0
8006,.0865625
8007,0
8008,3657.209
8009,3657.209
8010,0
8011,0
8012,3555.551
8013,0
8014,0
8015,0
8016,245.9902
8017,245.9902
8018,0
8019,0
8020,0
8021,0
8022,0
8023,0
8024,2692.123
8025,2692.123
8026,0
8027,0
8028,0
8029,0
8030,0
8031,0
8032,0
8033,0
8034,6131.877
8035,83.12968
8036,0
8037,0
8038,3866.088
8039,4869.125
8040,4860.494
8041,0
8042,0
8043,0
8044,8.202812
8045,8.202812
8046,0
8047,0
8048,0
8049,0
8050,3198.455
8051,2245.556
8052,1529.186
8053,1529.186
8054,0
8055,9328.322
8056,9328.322
8057,1124.446
8058,0
8059,0
8060,0
8061,0
8062,0
8063,0
8064,0
8065,0
8066,0
8067,0
8068,0
8069,2194.174
8070,581.9677
8071,581.9677
8072,0
8073,0
8074,17301.48
8075,
8076,3268.179
8077,5794.682
8078,3251.248
8079,2488.073
8080,0
8081,4838.241
8082,0
8083,0
8084,367.0373
8085,318.6894
8086,0
8087,0
8088,5146.374
8089,460.2484
8090,0
8091,0
8092,0
8093,0
8094,0
8095,0
8096,0
8097,0
8098,1589.936
8099,0
8100,0
8101,1163.341
8102,0
8103,0
8104,0
8105,0
8106,0
8107,0
8108,1734.465
8109,0
8110,0
8111,0
8112,0
8113,1494.837
8114,1494.837
8115,11265.18
8116,6176.583
8117,878.9359
8118,0
8119,0
8120,0
8121,0
8122,985.7227
8123,985.7227
8124,0
8125,0
8126,0
8127,0
8128,0
8129,0
8130,0
8131,0
8132,0
8133,0
8134,0
8135,0
8136,686.6547
8137,523.8222
8138,523.8222
8139,523.8222
8140,144.2544
8141,1063.985
8142,0
8143,0
8144,0
8145,0
8146,0
8147,0
8148,0
8149,6131.877
8150,0
8151,0
8152,
8153,
8154,0
8155,0
8156,0
8157,0
8158,0
8159,0
8160,0
8161,0
8162,5971.059
8163,0
8164,0
8165,0
8166,294.7856
8167,1665.206
8168,0
8169,0
8170,118.3412
8171,0
8172,0
8173,0
8174,0
8175,0
8176,2844.216
8177,5104.146
8178,
8179,
8180,
8181,0
8182,0
8183,0
8184,1478.797
8185,0
8186,0
8187,1114.729
8188,0
8189,1432.079
8190,10411.8
8191,0
8192,1498.351
8193,1498.351
8194,1245.352
8195,1245.352
8196,6532.92
8197,6532.92
8198,5648.707
8199,0
8200,0
8201,0
8202,536.5309
8203,0
8204,0
8205,58.13344
8206,0
8207,
8208,0
8209,0
8210,0
8211,0
8212,0
8213,4076.127
8214,0
8215,1180.208
8216,0
8217,0
8218,0
8219,0
8220,0
8221,0
8222,0
8223,12156.95
8224,307.0672
8225,5648.707
8226,
8227,0
8228,0
8229,0
8230,0
8231,3182.251
8232,10600.33
8233,0
8234,0
8235,0
8236,0
8237,0
8238,0
8239,0
8240,0
8241,254.6903
8242,254.6903
8243,0
8244,5211.322
8245,0
8246,0
8247,0
8248,1011.797
8249,880.0744
8250,880.0744
8251,0
8252,0
8253,1553.726
8254,2171.29
8255,14863.43
8256,0
8257,0
8258,11049.31
8259,463.7528
8260,463.7528
8261,3042.72
8262,0
8263,0
8264,0
8265,0
8266,0
8267,0
8268,0
8269,0
8270,0
8271,0
8272,0
8273,0
8274,0
8275,109.67
8276,109.67
8277,2525.253
8278,0
8279,0
8280,2212.075
8281,0
8282,10524.18
8283,7922.865
8284,104.4922
8285,0
8286,5625.256
8287,6546.421
8288,1470.201
8289,0
8290,0
8291,0
8292,0
8293,0
8294,0
8295,0
8296,0
8297,0
8298,0
8299,0
8300,0
8301,0
8302,22361.4
8303,0
8304,0
8305,0
8306,17087.67
8307,0
8308,0
8309,0
8310,46.55687
8312,644.1371
8313,644.1371
8314,2985.302
8315,13316.06
8316,
8317,
8318,0
8319,0
8320,0
8321,0
8322,0
8323,0
8324,1312.119
8325,0
8326,9884.283
8327,6101.511
8328,0
8329,0
8330,0
8331,698.5461
8332,4417.256
8333,2338.545
8334,1696.391
8335,1696.391
8336,1696.391
8337,0
8338,2799.12
8339,2799.12
8340,0
8341,0
8342,481.5178
8343,481.5178
8344,992.1766
8345,0
8346,2173.824
8347,4312.238
8348,0
8349,27956.23
8350,0
8351,0
8352,0
8353,1132.941
8354,0
8355,0
8356,0
8357,0
8358,0
8359,0
8360,0
8361,0
8362,0
8363,3858.073
8364,0
8365,19743.44
8366,0
8367,0
8368,0
8369,0
8370,0
8371,720.4666
8372,720.4666
8373,2243.027
8374,0
8375,0
8376,2711.448
8377,0
8378,0
8379,408.3739
8380,0
8381,0
8382,0
8383,
8384,0
8385,0
8386,5428.202
8387,0
8388,0
8389,0
8390,0
8391,1111.963
8392,0
8393,
8394,
8395,5678.142
8396,0
8397,0
8398,0
8399,6844.77
8401,0
8402,628.8188
8403,0
8404,2033.853
8405,0
8406,0
8407,0
8408,0
8409,0
8410,2890.176
8411,0
8412,1135.278
8413,3636.237
8414,420.067
8415,481.5178
8416,481.5178
8417,0
8418,2799.12
8419,0
8420,0
8421,612.7245
8422,612.7245
8423,612.7245
8424,0
8425,0
8426,0
8427,0
8428,0
8429,0
8430,0
8431,0
8432,2184.08
8433,2184.08
8434,0
8435,0
8436,0
8437,0
8438,5964.966
8439,1888.765
8440,5654.827
8441,4901.072
8442,0
8443,0
8444,0
8445,0
8446,2976.862
8447,1694.002
8448,0
8449,6161.565
8450,11501.13
8451,13696.46
8452,1783.842
8453,0
8454,0
8455,0
8456,0
8457,0
8458,248.0156
8459,0
8460,0
8461,6296.3
8462,0
8463,0
8464,0
8465,252.6425
8466,252.6425
8467,2859.013
8468,888.7372
8469,0
8470,749.3557
8471,
8472,
8473,
8474,0
8475,0
8476,0
8477,
8478,0
8479,0
8481,0
8482,0
8483,0
8484,46.26969
8485,46.26969
8486,0
8487,0
8488,5216.23
8489,0
8490,0
8491,0
8492,0
8493,0
8494,0
8495,0
8496,0
8497,0
8498,5812.382
8499,0
8500,2506.256
8501,2506.256
8502,2506.256
8503,0
8504,0
8505,0
8506,0
8507,0
8508,0
8509,0
8510,0
8511,363.675
8512,338.3656
8513,10225.27
8514,2626.097
8515,2626.097
8516,1773.99
8517,0
8518,0
8519,9542.756
8520,0
8521,0
8522,0
8523,0
8524,0
8525,0
8526,0
8527,0
8528,0
8529,0
8530,0
8531,0
8532,0
8533,0
8534,0
8535,0
8536,0
8537,0
8538,0
8539,0
8540,488.3131
8541,488.3131
8542,0
8543,10746.7
8544,10746.7
8545,686.6547
8546,686.6547
8547,0
8548,0
8549,0
8550,1638.757
8551,1638.757
8552,0
8553,0
8554,0
8555,0
8556,0
8557,0
8558,0
8559,1934.158
8560,0
8561,0
8562,526.9402
8563,2139.235
8564,1856.793
8565,2726.96
8566,0
8567,0
8568,0
8569,0
8570,0
8571,11915.78
8572,0
8573,3974.885
8574,3414.132
8575,777.6298
8576,777.6298
8577,777.6298
8578,10631.01
8579,6940.363
8580,2137.218
8581,4964.176
8582,0
8583,0
8584,0
8585,0
8586,0
8587,0
8588,0
8589,68182.28
8590,13886.45
8591,0
8592,0
8593,0
8594,0
8595,0
8596,0
8597,0
8598,0
8599,372.6363
8600,0
8601,0
8602,11915.78
8603,0
8604,0
8605,0
8606,0
8607,0
8608,0
8609,398.4606
8610,398.4606
8611,0
8612,0
8613,14683.37
8614,1034.918
8615,0
8616,16.82958
8617,16.82958
8618,1300.816
8619,5018.601
8620,0
8621,386.0156
8622,386.0156
8623,0
8624,0
8625,0
8626,
8627,0
8628,0
8629,2389.139
8630,0
8631,0
8632,2945.493
8633,2945.493
8634,0
8635,0
8636,0
8637,0
8638,3243.322
8639,3243.322
8640,0
8641,0
8642,0
8643,0
8644,0
8645,1950.273
8646,1950.273
8647,0
8648,0
8649,0
8650,0
8651,5108.667
8652,0
8653,0
8654,0
8655,0
8656,1936.556
8657,1936.556
8658,0
8659,36378.68
8660,0
8661,0
8662,0
8663,0
8664,0
8665,363.675
8666,1980.923
8667,0
8668,0
8669,0
8670,0
8671,0
8674,0
8675,0
8676,131.9804
8677,131.9804
8678,0
8679,0
8680,0
8681,720.791
8683,1054.892
8684,0
8685,5287.025
8686,
8687,0
8688,0
8689,4039.367
8690,0
8691,0
8692,0
8693,0
8694,0
8695,0
8696,0
8697,0
8698,0
8699,0
8700,977.0822
8701,
8702,675.6747
8703,675.6747
8704,675.6747
8705,675.6747
8706,6446.567
8707,11021.19
8708,4290.225
8709,6204.905
8710,6204.905
8711,0
8712,0
8713,0
8714,0
8715,0
8716,0
8717,0
8718,0
8719,0
8720,0
8721,0
8722,0
8723,0
8724,139.2723
8725,139.2723
8726,299.7794
8727,299.7794
8728,0
8729,0
8730,0
8731,0
8732,420.8408
8733,420.8408
8734,420.8408
8735,0
8736,0
8737,0
8738,0
8739,7044.243
8740,5042.815
8741,1046.475
8742,1046.475
8743,20878.33
8745,0
8746,2057.221
8747,0
8748,0
8749,0
8750,3365.684
8751,6030.248
8752,0
8753,2143.741
8754,0
8755,0
8756,382.919
8757,382.919
8758,0
8759,4406.495
8760,0
8761,0
8762,3.604584
8763,12612.11
8764,11407.33
8765,0
8766,474.0881
8767,0
8768,0
8769,0
8770,1510.829
8771,1510.829
8772,5778.194
8773,2491.686
8774,0
8775,0
8776,0
8777,0
8778,0
8779,0
8780,0
8781,0
8782,0
8783,0
8784,0
8785,0
8786,1871.18
8787,0
8788,1459.557
8789,1459.557
8790,1459.557
8791,5940.637
8792,382.919
8793,382.919
8794,382.919
8795,382.919
8796,382.919
8797,
8798,8765.476
8799,8715.273
8800,8715.273
8801,0
8802,
8803,1.215312
8804,1.215312
8805,0
8806,0
8807,0
8808,0
8809,0
8810,0
8811,0
8812,0
8813,0
8814,5512.385
8815,0
8816,7285.305
8817,922.085
8818,0
8819,0
8820,0
8821,0
8822,0
8823,5863.876
8824,3903.092
8825,9571.155
8826,0
8827,0
8828,841.5003
8829,841.5003
8830,1587.625
8831,0
8832,2112.987
8833,5503.778
8834,6149.102
8835,0
8836,9931.632
8837,9931.632
8838,
8839,0
8840,1256.579
8841,0
8842,0
8843,0
8844,1250.819
8845,0
8846,4901.072
8847,749.3557
8848,749.3557
8849,922.9839
8850,2685.462
8851,0
8852,5453.136
8853,15475.05
8854,806.9315
8855,0
8857,0
8858,840.3605
8859,0
8860,0
8861,0
8862,0
8863,0
8864,0
8865,678.8488
8866,0
8867,0
8868,702.4419
8869,0
8870,1040.807
8871,5949.653
8872,5949.653
8873,0
8874,0
8877,5069.759
8878,6106.431
8879,0
8880,3704.88
8881,3704.88
8882,6169.922
8883,10459.69
8884,71866.95
8885,0
8886,0
8887,22599.98
8888,10226.84
8889,10226.84
8890,12465.74
8891,9744.923
8892,9732.802
8893,3839.673
8894,2704.424
8895,2704.424
8896,0
8897,6434.189
8898,6434.189
8899,11602.13
8900,0
8901,9775.153
8902,0
8903,0
8904,3856.04
8905,3450.533
8906,0
8907,1040.807
8908,1040.807
8909,1040.807
8910,586.5093
8911,586.5093
8912,0
8913,5729.385
8914,30869.39
8915,0
8916,0
8917,0
8918,0
8919,0
8920,0
8921,0
8922,0
8923,40443.2
8924,22923.19
8925,9612.811
8926,24946.09
8927,0
8928,2193.501
8929,2193.501
8930,1871.18
8931,5432.907
8932,4853.04
8933,4853.04
8934,10063.05
8935,0
8936,0
8937,0
8938,4444.781
8939,0
8940,569.8694
8941,0
8942,0
8943,0
8944,12115.19
8945,60.35271
8946,0
8947,14356.11
8948,0
8949,0
8950,1037.286
8951,0
8952,0
8953,0
8954,1063.985
8955,1063.985
8956,0
8957,6468.848
8958,0
8959,4002.908
8960,0
8961,2127.518
8962,2127.518
8963,0
8964,0
8965,0
8966,0
8967,7084.927
8968,
8969,0
8970,0
8971,0
8972,0
8973,19434.26
8974,6567.838
8975,39077.16
8977,27457.93
8978,9275.275
8979,9275.275
8980,803.2829
8981,0
8982,33438.29
8983,0
8984,0
8985,0
8986,0
8987,0
8988,0
8989,0
8990,0
8991,38698.09
8992,0
8993,0
8994,0
8995,0
8996,0
8997,0
8998,2059.78
8999,410.5473
9000,410.5473
9001,410.5473
9002,
9003,6016.324
9004,0
9005,4039.367
9006,0
9007,0
9008,4156.896
9009,5581.69
9010,1040.999
9011,1040.999
9012,
9013,0
9014,0
9015,2849.616
9016,1127.289
9017,5464.843
9018,0
9019,0
9020,20687.61
9021,388.469
9022,388.469
